,Country Code_y,Country Name,Political model,GDP-2012,GDP -2013,GDP-2014,GDP-2015,GDP-2016,GDP-2017,ICP-2012,ICP-2013,ICP-2014,ICP-2015,ICP-2016,ICP-2017,UG2012,UG2013,UG2014,UG2015,UG2016,UG2017,UG2018,UY2012,UY2013,UY2014,UY2015,UY2016,UY2017,UY2018,2018 score,Status
0,DZA,Algeria,Dictatorship,2.09E+11,2.1E+11,2.14E+11,1.66E+11,1.6E+11,1.68E+11,8.891450911,3.25423911,2.916926921,4.784447007,6.397694803,5.59111591,10.97000027,9.819999695,10.60000038,11.19999981,10.19999981,10.12899971,10.06599998,27.57699966,25.05699921,25.77799988,29.89800072,24.25699997,24.3010006,24.34799957,75.8,1
1,AGO,Angola,Dictatorship,1.28E+11,1.37E+11,1.46E+11,1.16E+11,1.01E+11,1.22E+11,10.27790492,8.777814293,7.280387304,10.27804607,32.37773407,31.69168614,7.347000122,7.330999851,7.306000233,7.281000137,7.723999977,8.166999817,8.543000221,16.95700073,16.99799919,16.9489994,16.90500069,18.03100014,19.09000015,19.99099922,89.4,0
2,BEN,Benin,Democracy,8152554487,9157355680,9707432016,8291155881,8573159697,9246696924,6.744416882,0.890008647,-1.006043873,0.273667816,-0.848347682,0.079070843,2.644000053,2.637000084,2.631000042,2.627000093,2.54399991,2.46600008,2.394999981,5.40500021,5.410999775,5.40899992,5.399000168,5.28399992,5.18599987,5.099999905,75.7,1
3,BWA,Botswana,"Capitalism,Democracy",14420393569,14901750765,16250750259,14406496464,15648632362,17406565823,7.536902611,5.884607071,4.402253092,3.062031696,2.814957914,3.308280768,17.49300003,17.71800041,17.34900093,17.01499939,17.11700058,17.35700035,17.61800003,35.1590004,35.50500107,35.23099899,34.99700165,35.27299881,35.69599915,36.1609993,62,1
4,BFA,Burkina Faso,Democracy,11166063467,11947176342,12377391463,10419303761,10886363727,12322864245,3.818152403,0.533738507,-0.258089518,0.954993317,-0.244764126,0.368047036,5.548999786,6.002999783,6.5,6.493999958,6.390999794,6.303999901,6.227000237,7.479000092,7.997000217,8.56099987,8.559000015,8.552000046,8.562999725,8.572999954,86.5,0
5,BDI,Burundi,Dictatorship,2333308099,2451625333,2705783272,3104394858,2959185295,3172416146,18.16104531,7.937958075,4.405352342,5.544688913,5.557689614,16.0525353,1.514999986,1.485999942,1.570000052,1.57099998,1.590999961,1.552999973,1.51699996,2.759000063,2.736999989,2.91899991,2.904999971,2.957999945,2.898999929,2.839999914,97.4,0
6,CMR,Cameroon,Dictatorship,29104437355,32348149947,34942948737,30916218544,32621535419,34922782311,2.735296775,2.05034718,1.854898504,2.676235314,0.874190383,0.64040915,4.225999832,4.277999878,4.320000172,4.296000004,4.261000156,4.242000103,4.230000019,7.671999931,8.362000465,9.046999931,9.045000076,9.024000168,8.944000244,8.876999855,95.3,0
7,CAF,Central African Republic,Dictatorship,2169706564,1518565298,1702899386,1583776806,1755468137,1949411659,5.772250594,1.501845124,25.28281065,37.14221481,0,0,6.297999859,6.287000179,6.342999935,6.393000126,6.159999847,5.952000141,5.765999794,11.45400047,11.27000046,11.41300011,11.45899963,11.02900028,10.61200047,10.23099995,111.1,0
8,TCD,Chad,Dictatorship,12368071039,12949854263,13922223234,10945989472,10090922857,9871247732,14.01820542,0.145451048,1.680835875,3.669900434,0,0,5.703999996,5.69299984,5.68200016,5.659999847,5.784999847,5.886000156,5.923999786,10.19299984,10.15600014,10.16899967,10.10499954,10.14400005,10.13700008,10.11900043,108.3,0
9,CRI,Costa Rica,"Capitalism,Democracy",46473128285,49745088112,50577769838,54775994478,57157992434,57285984448,4.495559566,5.231189489,4.519346498,0.801857162,-0.017471924,1.625723304,9.899999619,8.960000038,9.119999886,9.260000229,8.979999542,8.140000343,8.034999847,23.18400002,22.89999962,25.11499977,23.09900093,23.42200089,21.00499916,20.85000038,43.2,1
10,CIV,Cote d'Ivoire,Democracy,26790579775,31273049200,35343298114,39633467836,35389998639,37353276059,1.304511199,2.581170373,0.448682077,1.251499548,0.723178458,0.685881065,2.914000034,2.83100009,2.747999907,2.664999962,2.599999905,2.599999905,2.601000071,4.149000168,4.032999992,3.917999983,3.803999901,3.713999987,3.697999954,3.684999943,94.6,0
11,CUB,Cuba,"Dictatorship,Communism",73141000000,77148000000,80656000000,87133000000,91370000000,96851000000,0,0,0,0,0,0,3.460000038,3.289999962,2.700000048,2.400000095,2.489000082,2.53399992,2.558000088,7.327000141,7.013999939,5.793000221,5.178999901,5.427000046,5.517000198,5.561999798,62.9,0
12,DOM,Dominican Republic,Democracy,60657780261,62661773592,66065015410,68802092021,72342967648,75931656815,3.624901497,4.714828897,3.050108932,0.826638478,1.59498997,3.279556947,6.519999981,7.070000172,6.400000095,5.920000076,5.489999771,5.486000061,5.488999844,14.27400017,16.875,12.90100002,13.55099964,12.40100002,12.43500042,12.49300003,69.2,1
13,SLV,El Salvador,Democracy,21386153000,21977401900,22585841200,23166030400,23912227500,24805439600,1.729734816,0.757669185,1.141344675,-0.731384487,0.604049087,1.012354033,3.849999905,3.690000057,4.159999847,4,4.420000076,4.491000175,4.546000004,8.49600029,8.574000359,9.710000038,8.713999748,9.607000351,9.826999664,10.02400017,71.2,0
14,ERI,Eritrea,Dictatorship,0,0,0,0,0,0,0,0,0,0,0,0,6.68599987,6.623000145,6.585999966,6.556000233,6.452000141,6.362999916,6.278999805,11.47700024,11.42700005,11.44999981,11.4460001,11.35700035,11.2510004,11.13300037,97.2,0
15,ETH,Ethiopia,Dictatorship,43310721414,47648211133,55612228234,64464547915,73000980434,80561496134,24.12435395,8.079723678,7.402193468,10.11074774,7.263731539,9.848250242,5.144000053,4.980000019,4.978000164,4.972000122,5.092999935,5.203999996,5.308000088,7.282999992,7.063000202,7.068999767,7.072999954,7.264999866,7.428999901,7.592000008,99.6,0
16,GAB,Gabon,Dictatorship,17171447372,17590745162,18179752010,14377324798,14014369642,15013950984,2.652418287,0.505441059,4.690457518,-0.338795189,2.106707128,,20.22900009,20.18899918,20.08399963,20.00499916,19.88699913,19.6590004,19.45700073,35.94800186,36,35.97100067,35.97800064,35.87099838,35.89199829,35.8409996,72.5,0
17,GHA,Ghana,Democracy,41939728979,63277216929,53601126664,49181854798,55009730600,58996776238,7.12635006,11.66619231,15.48961603,17.1499695,17.45463471,12.37192155,3.628999949,2.170000076,2.164000034,2.154000044,2.25999999,2.355000019,2.431999922,7.368999958,4.559000015,4.513000011,4.511000156,4.717999935,4.901000023,5.054999828,68.1,0
18,GTM,Guatemala,Democracy,50388460920,53851148432,58722323918,63767597194,68663653469,75620095538,3.781807547,4.343371313,3.418361697,2.388720328,4.448441999,4.424536552,2.869999886,3.319999933,2.910000086,2.700000048,2.829999924,2.734999895,2.667000055,4.78000021,5.913000107,6.110000134,5.887000084,6.019999981,5.800000191,5.649000168,81.8,0
19,GIN,Guinea,Democracy,7638045248,8376613797,8778473641,8794202410,8694360305,10472514515,15.22510139,11.88789561,9.713977334,8.150870775,8.172681123,8.915131698,4.532000065,4.534999847,4.531000137,4.52699995,4.510000229,4.485000134,4.468999863,5.565000057,5.550000191,5.546000004,5.540999889,5.537000179,5.52699995,5.522999763,101.6,0
20,GNB,Guinea-Bissau,Democracy,989327811.8,1045790133,1053512334,1047808175,1178204501,1346841897,2.130545803,1.207125557,-1.509244606,1.404608873,1.575302229,1.362148999,6.267000198,6.25,6.217000008,6.196000099,6.144999981,6.099999905,6.059000015,11.39000034,11.45100021,11.42199993,11.47399998,11.53899956,11.60400009,11.66399956,98.1,0
21,HTI,Haiti,Democracy,7890216508,8452509316,8776350790,8724656126,7970649131,8408150518,6.28908183,5.853472722,4.566173531,9.016518813,13.83374255,14.67307574,14.10000038,13.85299969,13.93900013,14.04500008,14.00199986,13.98799992,13.87100029,35.07400131,34.72900009,35.15100098,35.58800125,35.74200058,35.94800186,35.86399841,102,0
22,HND,Honduras,Democracy,18528601901,18499710128,19756494435,20979767785,21643936939,22978532897,5.196186155,5.161898986,6.129249303,3.15783118,2.724612233,3.934360844,3.75,4.099999905,5.489999771,4.590000153,4.670000076,4.486000061,4.379000187,7.097000122,7.297999859,9.463000298,7.913000107,8.493000031,8.208000183,8.06799984,77.3,0
23,JAM,Jamaica,"Capitalism,Democracy",14798716216,14193012191,13852192273,14145469269,14072135209,14781107822,6.898248186,9.344402834,8.290005777,3.675887919,2.349758498,4.378892429,13.93000031,15.25,13.73999977,13.51000023,13.18999958,12.44799995,12.29399967,34.32400131,36.1609993,32.88999939,31.43799973,31.36199951,29.73500061,29.49699974,63.1,1
24,KEN,Kenya,Democracy ,50412754861,55096728048,61448041564,64007751188,70875223143,79263075749,9.377767482,5.71749357,6.878154993,6.582174403,6.297157525,8.005722791,11.87699986,11.76500034,11.66699982,11.5880003,11.52000046,11.47000027,11.42800045,26.04100037,26.11700058,26.14900017,26.20100021,26.25099945,26.20499992,26.16699982,97.4,0
25,LSO,Lesotho,Democracy,2678475775,2526009059,2614566294,2510312805,2323419619,2578265358,6.122689273,4.975768208,5.318281862,3.160309819,6.60505665,5.31027255,23.15699959,24.57999992,24.75699997,26.97500038,27.78199959,27.24500084,28.48200035,32.91699982,34.53099823,34.88000107,37.97200012,38.95899963,38.53300095,40.05199814,80.1,0
26,LBR,Liberia,Democracy,2721000000,3067000000,3144000000,3177000000,3277826000,3285455000,6.831787034,7.577306817,9.861112856,7.748696876,8.834248683,12.41963239,2.259000063,2.255000114,2.273000002,2.272000074,2.338000059,2.388999939,2.424999952,3.244999886,3.249000072,3.21600008,3.217000008,3.246999979,3.266000032,3.275000095,92.6,0
27,LBY,Libya,Dictatorship,81873662519,65502870174,41142722414,27842131486,26221660076,38107728083,6.059803922,2.605818027,0,0,0,0,19.03000069,18.74099922,18.48800087,18.35700035,18.42300034,17.68400002,15.68400002,45.11899948,44.85400009,44.61000061,44.57400131,45.70700073,45.94499969,42.31700134,94.6,0
28,MDG,Madagascar,Democracy,9919780071,10601690872,10673516673,9744243531,10001193315,11499803807,5.713844342,5.826429445,6.080408111,7.404191742,6.654801865,8.284223644,0.600000024,0.893000007,1.18599999,1.799999952,1.796000004,1.797000051,1.797000051,1.004999995,1.496999979,1.988999963,3.023000002,3.020999908,3.019000053,3.017999887,83.6,1
29,MWI,Malawi,Democracy,6028487929,5518880769,6047813437,6373212641,5433040160,6303292264,21.271265,27.28333333,23.79206495,21.86734755,21.71111321,11.54339392,6.133999825,5.949999809,5.94299984,5.883999825,5.857999802,5.897999763,5.931000233,8.088999748,7.824999809,7.835999966,7.788000107,7.777999878,7.81799984,7.857999802,85.5,1
30,MLI,Mali,Democracy,12442747897,13246412031,14345828992,13099495530,14010787738,15334336144,5.323128471,-0.606736356,0.883814547,1.450690576,-1.799647071,1.759857429,7.099999905,7.300000191,6.380000114,7.730000019,7.813000202,7.910999775,8.008999825,10.76900005,11.0909996,8.062000275,18.19199944,18.07799911,17.95999908,17.86199951,93.6,0
31,MRT,Mauritania,Dictatorship,5231255478,5724227185,5391475277,4844223107,4739298730,5024708656,4.902427272,4.129101738,3.534368561,3.254726881,1.471710456,2.254276519,10.10000038,10.07499981,10.02400017,9.850999832,9.843000412,9.876999855,9.902999878,17.98900032,18.00300026,17.98699951,17.80900002,17.8409996,17.93099976,18.02400017,92.2,0
32,MUS,Mauritius,"Capitalism,Democracy",11668685524,12129642296,12803445934,11692287066,12232463656,13266427697,3.852160333,3.543295739,3.21769192,1.286549708,0.977675135,3.666997027,8.149999619,8,7.71999979,7.920000076,7.300000191,7.130000114,7.054999828,24.26499939,23.50499916,24.44199944,25.91900063,23.56599998,24.44599915,24.08099937,40.5,1
33,MEX,Mexico,"Capitalism,Democracy",1.2E+12,1.27E+12,1.31E+12,1.17E+12,1.08E+12,1.15E+12,4.111509811,3.806390697,4.018616081,2.72064065,2.821707847,6.04145724,4.920000076,4.940000057,4.829999924,4.340000153,3.880000114,3.420000076,3.371000051,9.401000023,9.430999756,9.423000336,8.562000275,7.664000034,6.827000141,6.755000114,71.5,0
34,MAR,Morocco,Monarchy,98266306615,1.07E+11,1.1E+11,1.01E+11,1.03E+11,1.1E+11,1.287128713,1.872321227,0.442869796,1.557907113,1.635311143,0.754663249,8.989999771,9.229999542,9.699999809,9.659999847,9.399999619,9.331999779,9.288000107,18.66399956,19.05200005,19.93600082,20.6989994,18.62199974,17.95800018,17.88800049,74,1
35,MOZ,Mozambique,Democracy,14534278440,16018848994,16961117243,14798413628,10981358031,12645508634,0,0,0,0,0,0,22.54999924,23.26799965,25.29999924,25.29999924,25.15399933,25.04100037,24.91300011,38.54499817,39.74700165,43.20100021,43.17300034,42.94599915,42.66199875,42.38399887,88.7,0
36,NAM,Namibia,Democracy,13016272899,12717790505,12786078008,11650656642,11281259987,13253698015,6.721997773,5.600925023,5.349526127,3.395660655,6.727795407,6.143923662,16.77000046,19.03000069,18.52000046,19.59199905,23.35000038,23.33499908,23.28499985,34.32300186,40.82099915,38.6570015,40.11299896,45.19200134,45.5320015,45.90299988,68.8,1
37,NIC,Nicaragua,Democratic socialism,10532001130,10982972256,11880438824,12611087031,13184989878,13814261536,7.193550533,7.135467853,6.035968618,3.997379967,3.523173176,3.850671663,5.210000038,5.28000021,4.519999981,4.478000164,4.447000027,4.44299984,4.454999924,8.253000259,9.147999763,8.597000122,8.586999893,8.593000412,8.678999901,8.788999557,75.3,0
38,NER,Niger,Democracy ,6942258305,7667952566,8229731384,7217667781,7528285444,8119710126,0.45508982,2.29723115,-0.93028726,0.998329582,0.177037877,2.38268715,0.377999991,0.342999995,0.358999997,0.335000008,0.344999999,0.354000002,0.363000005,0.572000027,0.515999973,0.540000021,0.501999974,0.515999973,0.528999984,0.541999996,96.2,0
39,NGA,Nigeria,Democracy,4.59E+11,5.15E+11,5.68E+11,4.95E+11,4.05E+11,3.76E+11,12.21778174,8.475827285,8.062485824,9.009387183,15.67534055,16.52353998,3.760999918,3.700000048,4.559999943,4.309999943,7.059999943,7.043000221,7.026000023,9.765000343,9.769000053,8.515999794,8.046999931,13.06400013,13.41300011,13.74600029,99.9,0
40,PAN,Panama,Democracy,40429734400,45599994000,49921464365,54091713776,57957594212,62283756584,5.698199403,4.027160534,2.630931154,0.132255449,0.739734025,0.875585919,4.050000191,4.099999905,4.820000172,4.53000021,4.353000164,4.486999989,4.596000195,10.31400013,10.78199959,12.52299976,12.55599976,11.56999969,11.97900009,12.31599998,49.5,1
41,RWA,Rwanda,"Capitalism,Dictatorship",7334917697,7621923308,8016591928,8277613194,8475681533,9135454442,10.27101823,5.92426868,2.354490528,2.528502842,7.17434302,8.279536723,3.440000057,2.272000074,1.169999957,1.164999962,1.231999993,1.297000051,1.360000014,4.327000141,3.065000057,1.88499999,1.889000058,1.998000026,2.09800005,2.194000006,89.3,1
42,SEN,Senegal,Democracy,17825417949,18960182371,19770919167,17767620059,18973894459,21070225735,1.418228712,0.710245487,-1.090255074,0.135211934,0.837284943,1.318153148,9.024999619,7.688000202,6.356999874,4.849999905,4.847000122,4.84499979,4.842999935,10.80300045,9.022000313,7.256999969,5.302000046,5.389999866,5.472000122,5.546000004,79.6,1
43,SLE,Sierra Leone,Democracy,3801862611,4920343195,5015157816,4218723875,3556036535,3775047334,6.588359616,5.51827137,4.645462047,6.693679279,10.88328586,18.2198092,4.513000011,4.630000114,4.679999828,4.703000069,4.59800005,4.47300005,4.360000134,8.822999954,9.282999992,9.508999825,9.392999649,9.340999603,9.041000366,8.774000168,89.1,1
44,SOM,Somalia,Dictatorship,,6481000000,6562001351,6659000748,6761998534,7052000000,,,,,,,6.044000149,6.058000088,6.071000099,6.080999851,6.024000168,5.979000092,5.929999828,11.09899998,11.10999966,11.11600018,11.11800003,11.03600025,10.96800041,10.89000034,113.2,0
45,ZAF,South Africa,Democracy,3.96E+11,3.67E+11,3.51E+11,3.18E+11,2.96E+11,3.49E+11,5.723943662,5.776404135,6.136020151,4.509208278,6.594604415,5.181082233,24.72999954,24.56999969,24.89999962,25.15999985,26.54999924,27.32999992,27.37299919,51.70000076,51.43000031,51.29999924,50.13999939,53.36000061,53.52999878,53.80199814,72.9,0
46,SSD,South Sudan,Dictatorship,11266779661,14940338983,15099661017,10906867790,2904114903,,45.07825706,-0.039381326,1.655223598,52.81465207,379.8480206,187.8516257,11.27600002,12.92700005,12.17399979,11.99400043,11.54199982,11.54300022,11.49699974,16.37899971,20.39500046,18.60899925,18.22500038,17.43899918,17.61199951,17.5909996,113.4,0
47,SDN,Sudan,Dictatorship,68125631150,72065940086,82151588419,97156119150,95584380032,1.17E+11,35.56524887,36.52114404,36.90664279,16.90945571,,,13.03600025,12.86600018,12.81000042,12.78499985,12.73400021,12.7329998,12.71000004,27.70700073,27.32299995,27.25699997,27.28700066,27.2670002,27.27599907,27.24500084,108.7,0
48,TZA,Tanzania,Democracy,39087797980,44413614439,48219739331,45628320355,47388394818,52090321003,16.00109385,7.870723646,6.13161433,5.58816953,5.174766293,5.318716052,3.240999937,2.930000067,2.119999886,2.118000031,2.167999983,2.214999914,2.259000063,6.514999866,5.823999882,3.697999954,3.697000027,3.805000067,3.901000023,3.989000082,79.4,1
49,TGO,Togo,Dictatorship,3873529926,4320427496,4568900620,4179185205,4457732625,4757776485,2.630773937,1.773472429,0.183042905,1.783234671,0.868815969,-0.795130979,1.853999972,1.850000024,1.845999956,1.842000008,1.842000008,1.843999982,1.847000003,2.779999971,2.779999971,2.77699995,2.776000023,2.782999992,2.789999962,2.798000097,85.2,0
50,TTO,Trinidad and Tobago,Democracy,25601811994,26578524198,27200280855,24401734195,22295585700,22079017627,9.260281371,5.199817405,5.684418146,4.661215981,3.070667425,1.880384402,5.039999962,3.589999914,3.309999943,3.390000105,4.373000145,4.842000008,5.074999809,12.37800026,9.156000137,7.93900013,8.425000191,10.23900032,11.35099983,11.93700027,54.6,1
51,TUN,Tunisia,Democracy,45044112939,46251061734,47632326088,43152528548,41808379888,39952095561,5.138117098,5.798544619,4.937735303,4.857182282,3.711014607,5.329272935,17.62999916,15.93000031,15.05799961,15.22000027,15.51000023,15.38000011,15.25399971,38.38800049,34.52700043,34.76599884,35.4280014,36.35400009,36.32899857,36.27299881,72.1,1
52,UGA,Uganda,Dictatorship,23114293416,24599550624,27291879819,27102650387,24133664285,25995031850,12.67903772,4.905208757,3.07570669,5.589686063,5.706375046,5.209717059,3.549999952,1.909999967,1.907999992,1.904999971,2.00999999,2.104000092,2.191999912,5.31099987,2.701999903,2.703000069,2.710000038,2.816999912,2.904999971,2.99000001,95.1,0
53,ZMB,Zambia,Democracy,25503370699,28045460442,27150630607,21154394546,20954754378,25868142073,6.575899708,6.977676055,7.806875536,10.11059289,17.86973008,6.577311542,7.849999905,7.815999985,7.782999992,7.75,7.77699995,7.791999817,7.796999931,15.33500004,15.27400017,15.2670002,15.22500038,15.30700016,15.34599972,15.36900043,87.2,1
54,ZWE,Zimbabwe,Dictatorship,17114849900,19091020000,19495519600,19963120600,20548678100,22040902300,3.72108722,1.631622019,-0.212939905,-2.409499988,-1.566412967,0.90973329,5.328000069,5.204999924,5.135000229,5.085999966,5.046000004,5.011000156,4.985000134,8.461999893,8.31499958,8.24600029,8.208000183,8.18500042,8.18500042,8.208000183,102.3,0
55,AFG,Afghanistan,Dictatorship,19907317066,20561069558,20484885120,19907111419,19046357714,19543976895,6.441212809,7.385771784,4.673996035,-0.661709165,4.383891955,4.975951506,7.93599987,8.451999664,8.706000328,8.86400032,8.840999603,8.836999893,8.807999611,16.61899948,17.48900032,17.87100029,18.08699989,17.88199997,17.74399948,17.56800079,106.6,0
56,ALB,Albania,Democracy,12319784886,12776280961,13228247844,11386931490,11883682171,13038538300,2.036422356,1.925443995,1.613042353,1.910016978,1.275125281,1.993928105,13.43999958,15.64000034,17.48999977,17.07999992,15.22000027,13.86699963,15.13199997,27.70400047,30.48600006,39.35900116,40.14400101,32.73199844,30.01600075,32.67599869,60.1,1
57,ARE,United Arab Emirates,"Capitalism,Dictatorship",3.75E+11,3.9E+11,4.03E+11,3.58E+11,3.57E+11,3.83E+11,0.6622689,1.101118364,2.346268657,4.069966084,1.615925039,1.968875568,2.970999956,2.618000031,2.282000065,1.932999969,1.636000037,1.672000051,1.710000038,8.427000046,7.525000095,6.736000061,5.873000145,4.900000095,4.928999901,4.998000145,42.8,1
58,ARG,Argentina,Democracy,5.46E+11,5.52E+11,5.26E+11,5.95E+11,5.55E+11,6.37E+11,,,,,,,7.21999979,7.099999905,7.269999981,7.151000023,8.696000099,8.517999649,8.161999702,18.28000069,19.43000031,18.84000015,20.07299995,23.52799988,23.49099922,22.57500076,46.1,1
59,ARM,Armenia,"Capitalism,Democratic socialism",10619320049,11121465767,11609512940,10553337673,10546135160,11536590636,2.558020078,5.789667785,2.981308689,3.731691193,-1.403607559,0.969553269,17.30999947,16.18000031,17.5,18.26000023,18.04000092,18.23399925,18.27599907,35.28900146,35.7519989,37.05400085,31.96899986,38.5909996,38.5870018,38.70899963,69.5,1
60,ATG,Antigua and Barbuda,Democracy,1211411704,1192919619,1275576784,1359194737,1464630213,1510084751,3.376880443,1.059497824,1.089441574,0.968993459,-0.489437796,2.43248789,,,,,,,,,,,,,,,55.6,1
61,AUS,Australia,"Capitalism,Democracy",1.54E+12,1.57E+12,1.46E+12,1.35E+12,1.21E+12,1.32E+12,1.762780156,2.449888641,2.487922705,1.508366722,1.276990945,1.948647409,5.21999979,5.659999847,6.070000172,6.059999943,5.71999979,5.590000153,5.473999977,11.72999954,12.22000027,13.31999969,13.14000034,12.67000008,12.60000038,12.49400043,20.8,1
62,AUT,Austria,"Capitalism,Democracy",4.09E+11,4.3E+11,4.42E+11,3.82E+11,3.91E+11,4.17E+11,2.485673529,2.000158912,1.605804145,0.896565316,0.891592367,2.081268583,4.869999886,5.329999924,5.619999886,5.71999979,6.010000229,5.5,5.387000084,9.380000114,9.62899971,10.25199986,10.56499958,11.24499989,9.767999649,9.51099968,26.2,1
63,AZE,Azerbaijan,Dictatorship,69683935845,74164435946,75244294275,53074370486,37867518957,40747792238,1.068103014,2.418869884,1.389726358,4.009438267,12.44949552,12.90489121,5.190000057,4.96999979,4.909999847,4.960000038,5,5.032000065,5.037000179,14.06299973,13.54800034,13.42000008,13.31200027,13.49100018,13.79199982,14.02400017,74.6,0
64,BEL,Belgium,"Capitalism,Democracy",4.98E+11,5.21E+11,5.31E+11,4.55E+11,4.68E+11,4.93E+11,2.839663434,1.11309594,0.340002833,0.561429153,1.973852647,2.12597086,7.539999962,8.430000305,8.520000458,8.479999542,7.829999924,7.090000153,6.459000111,19.78100014,23.74799919,23.22699928,22.12800026,20.09000015,19.2140007,17.53899956,29.7,1
65,BGD,Bangladesh,Democracy,1.33E+11,1.5E+11,1.73E+11,1.95E+11,2.21E+11,2.5E+11,6.217504221,7.530406409,6.992081513,6.193840909,5.513525727,5.702070157,3.914000034,4.429999828,4.428999901,4.427000046,4.349999905,4.367000103,4.383999825,8.206999779,10.01299953,10.32600021,10.65400028,11.07900047,11.36499977,11.63700008,90.3,0
66,BGR,Bulgaria,"Capitalism,Democracy",53903022339,55555171010,56814543481,50201314895,53240950226,58220973783,2.954568298,0.890093541,-1.418183803,-0.104633261,-0.79874909,2.064355063,12.27000046,12.93999958,11.42000008,9.140000343,7.570000172,6.159999847,4.919000149,28.12100029,28.39699936,23.78000069,21.62999916,17.20000076,12.9659996,10.36100006,51.7,1
67,BHR,Bahrain,"Capitalism,Dictatorship",30749308511,32539547872,33387712766,31125851064,32152686170,35307127660,2.758286056,3.301006139,2.646291465,1.839519875,2.800594698,1.38734376,1.200000048,1.207000017,1.213000059,1.208999991,1.215000033,1.200999975,1.187999964,5.330999851,5.362999916,5.475999832,5.599999905,5.520999908,5.512000084,5.664000034,64.4,1
68,BHS,Bahamas,Capitalism,10720500000,10627600000,10957300000,11792300000,11838800000,12162100000,1.97336756,0.722414785,1.506998589,1.86826447,-0.34637693,1.518207007,14.02000046,16.18000031,13.80000019,12,12.69999981,12.57299995,12.32600021,30.88699913,32.63899994,27.87800026,24.30400085,25.63899994,25.67300034,25.49099922,50,1
69,BIH,Bosnia and Herzegovina,Democracy,17226849297,18178503835,18558343508,16209702864,16911088174,18054854789,2.05267452,-0.093045684,-0.897194054,-1.023285045,-1.089130318,1.168812637,28.04999924,27.45000076,27.52000046,27.69400024,25.05999947,25.56200027,26.05599976,59.75500107,58.81600189,62.65999985,62.31800079,54.31000137,54.89099884,55.4980011,71.3,1
70,BLR,Belarus,Dictatorship,65685102555,75527984234,78813839984,56454734397,47749057078,54456465473,59.21973602,18.31226104,18.11955435,13.53448976,11.83658077,6.031837252,0.620000005,0.50999999,0.49000001,0.493000001,0.488000005,0.481000006,0.472000003,1.371000051,1.138000011,1.103000045,1.149000049,1.129999995,1.105999947,1.088000059,70.5,1
71,BLZ,Belize,Democracy ,1563827850,1608442150,1692955750,1762500450,1806646250,1862614800,,,,,,,14.27000046,11.68000031,11.56999969,9.970000267,7.909999847,9.329999924,9.248000145,24.74500084,21.61800003,23.13500023,18.97100067,17.74300003,19.75499916,19.33699989,63.7,1
72,BOL,Bolivia,Democratic socialism,27084497540,30659338929,32996187988,33000198263,33941126194,37508642113,4.518812388,5.735205887,5.764576458,4.060963726,3.625239368,2.822185557,2.049999952,2.390000105,2.00999999,3.069999933,3.059999943,3.148000002,3.187000036,3.303999901,5.326000214,4.633999825,6.815999985,6.322999954,6.500999928,6.579999924,75.2,1
73,BRA,Brazil,Democracy,2.47E+12,2.47E+12,2.46E+12,1.8E+12,1.79E+12,2.06E+12,5.403553391,6.204335948,6.329152227,9.029807186,8.7391283,3.446367832,7.190000057,6.989999771,6.670000076,8.43999958,11.60999966,13.31999969,12.04100037,16.12000084,15.96000004,15.82999992,19.90999985,27.25,30.20999908,27.43199921,68.7,0
74,BRB,Barbados,Capitalism,4656350000,4612500000,4608350000,4584150000,4529050000,4673500000,4.533347539,1.81410436,1.769503221,-1.112789925,1.281928131,4.66018464,11.57999992,11.55000019,12.17000008,11.35000038,9.720000267,9.687000275,9.527999878,28.94400024,29.36599922,33.69300079,32.29299927,29.31999969,28.95000076,28.09900093,48.2,1
75,BTN,Bhutan,Monarchy,1823692110,1798333726,1958819096,2059809920,2219675781,2528007911,10.91965694,7.006666667,8.271060939,4.548143951,4.310168755,3.858200035,2.049999952,2.869999886,2.630000114,2.450000048,2.441999912,2.434999943,2.428999901,6.980999947,9.340999603,9.208999634,10,10.1260004,10.18999958,10.27000046,74.3,1
76,CAN,Canada,"Capitalism,Democracy",1.82E+12,1.84E+12,1.8E+12,1.56E+12,1.54E+12,1.65E+12,1.515678231,0.938291898,1.906635907,1.125241361,1.428759547,1.596884129,7.289999962,7.070000172,6.909999847,6.909999847,7,6.340000153,5.873000145,14.44799995,13.73499966,13.46500015,13.16600037,13.08500004,11.61200047,10.67599964,21.5,1
77,CHE,Switzerland,"Capitalism,Democracy",6.68E+11,6.89E+11,7.09E+11,6.79E+11,6.69E+11,6.79E+11,-0.692545842,-0.217308518,-0.01322916,-1.143900644,-0.434607639,0.533795988,4.480000019,4.75,4.829999924,4.800000191,4.920000076,4.800000191,4.778999805,8.30300045,8.736000061,8.592000008,8.81499958,8.576000214,8.055000305,7.988999844,19.2,1
78,CHL,Chile,"Capitalism,Democracy",2.67E+11,2.78E+11,2.61E+11,2.44E+11,2.5E+11,2.77E+11,3.00652059,1.928220313,4.395,4.348867283,3.786661771,2.182469485,6.659999847,6.210000038,6.659999847,6.510000229,6.739999771,6.960000038,7.014999866,16.86100006,16.77599907,17.13400078,16.22900009,16.08699989,17.15099907,17.32500076,40.7,1
79,CHN,China,"Dictatorship,Communism",8.56E+12,9.61E+12,1.05E+13,1.11E+13,1.12E+13,1.22E+13,2.619526165,2.621049027,1.921643416,1.437024514,2,1.593137255,4.46999979,4.539999962,4.592999935,4.605000019,4.649000168,4.675000191,4.714000225,10.34599972,10.52999973,10.67000008,10.82999992,10.875,10.80000019,10.82299995,72.4,1
80,COL,Colombia,"Capitalism,Democracy",3.71E+11,3.82E+11,3.81E+11,2.93E+11,2.83E+11,3.14E+11,3.169302599,2.016993092,2.898838115,4.989829057,7.513460597,4.314313175,9.81000042,9.18999958,8.529999733,8.239999771,8.350000381,8.850000381,9.029999733,19.49900055,18.09199905,17.9090004,17.56800079,17.19199944,18.05999947,18.60300064,76.6,0
81,COM,Comoros,Democracy,1015901205,1115906342,1148058015,988150249.5,1024261821,1068124330,6.314744503,-4.294873315,,,,,4.399000168,4.377999783,4.361999989,4.34499979,4.347000122,4.34100008,4.331999779,9.930999756,9.930000305,9.907999992,9.890999794,9.921999931,9.954000473,9.984999657,82.6,1
82,CYP,Cyprus,"Capitalism,Democracy",25041397919,24084559214,23364707443,19680625485,20453761062,22054225828,2.388752401,-0.399357676,-1.354988854,-2.096997691,-1.687890723,0.531766496,11.78999996,15.88000011,16.07999992,14.92000008,12.94999981,11.03999996,10.35900021,26.53499985,36.97999954,34.43899918,31.29199982,27.79400063,23.82999992,22.43799973,60.3,1
83,CZE,Czech Republic,"Capitalism,Democracy",2.07E+11,2.09E+11,2.08E+11,1.87E+11,1.95E+11,2.16E+11,3.287623066,1.438297872,0.34398859,0.309364548,0.683504209,2.450533985,6.980000019,6.949999809,6.110000134,5.050000191,3.950000048,2.890000105,2.069000006,19.50799942,18.96899986,15.86100006,12.60700035,10.49800014,7.967000008,5.714000225,39,1
84,DEU,Germany,"Capitalism,Democracy",3.54E+12,3.75E+12,3.89E+12,3.38E+12,3.48E+12,3.68E+12,2.008491182,1.504722267,0.906797035,0.234429945,0.483355422,1.737916052,5.380000114,5.230000019,4.980000019,4.619999886,4.119999886,3.75,3.723999977,8.043000221,7.822000027,7.742000103,7.217999935,7.032000065,6.765999794,6.578999996,25.8,1
85,DJI,Djibouti,Democracy,1353632942,1324733712,1455035089,1633741923,1764268469,1844674435,3.731209508,2.706032429,1.341864943,-0.847389734,2.738412087,0.568112117,6.072000027,5.999000072,5.928999901,5.863999844,5.836999893,5.809999943,5.78399992,11.46199989,11.46800041,11.48600006,11.49699974,11.62199974,11.6960001,11.75800037,87.1,1
86,DNK,Denmark,"Capitalism,Democracy",3.27E+11,3.44E+11,3.53E+11,3.01E+11,3.07E+11,3.25E+11,2.397914857,0.78907178,0.56402054,0.452034154,0.25,1.14713217,7.53000021,7,6.590000153,6.170000076,6.179999828,5.739999771,5.360000134,14.1079998,13.00199986,12.56000042,10.79800034,11.93400002,10.97099972,10.26000023,19.8,1
87,ECU,Ecuador,"Democratic socialism,Democracy",87924544000,95129659000,1.02E+11,99290381000,99937696000,1.04E+11,5.10172181,2.721775777,3.589220166,3.966646233,1.728264633,0.417335589,3.230000019,3.079999924,3.480000019,3.619999886,4.599999905,3.839999914,4.031000137,8.645999908,8.418999672,9.065999985,8.838999748,10.38099957,8.512000084,9.083999634,74.2,0
88,ESP,Spain,"Capitalism,Democracy",1.34E+12,1.36E+12,1.38E+12,1.2E+12,1.24E+12,1.31E+12,2.446000185,1.408546292,-0.150870313,-0.500461321,-0.202671741,1.956083333,24.79000092,26.09000015,24.44000053,22.05999947,19.62999916,17.21999931,14.54899979,53.0909996,55.66899872,53.35100174,48.45399857,44.54299927,38.74700165,32.62400055,41.4,1
89,EST,Estonia,"Capitalism,Democracy",23043864510,25137153149,26224622451,22566956982,23337907619,25921079612,3.933399873,2.78056659,-0.106175147,-0.492326007,0.148684908,3.417235495,10.02000046,8.630000114,7.349999905,6.190000057,6.760000229,5.760000229,5.587999821,20.85499954,18.73200035,14.97399998,13.10499954,13.40799999,12.22599983,11.92800045,43,1
90,FIN,Finland,"Capitalism,Democracy",2.57E+11,2.7E+11,2.73E+11,2.32E+11,2.39E+11,2.52E+11,2.808336226,1.478286157,1.041196212,-0.20792884,0.356684501,0.754015047,7.690000057,8.18999958,8.659999847,9.380000114,8.819999695,8.640000343,8.248999596,18.8579998,19.79299927,20.3939991,22.29000092,20.01000023,20.04000092,19.07500076,17.9,1
91,FJI,Fiji,Democracy,3972012571,4190143206,4483416340,4362128146,4671313315,5061202767,3.418746703,2.905927407,0.528118153,1.376130953,3.864771418,3.351087439,9,7.578999996,6.170000076,6.098999977,6.237999916,6.304999828,6.236000061,24.3920002,20.70400047,18.31900024,18.17300034,18.53000069,18.75900078,18.58200073,74.5,0
92,FRA,France,Democracy,2.68E+12,2.81E+12,2.85E+12,2.44E+12,2.47E+12,2.58E+12,1.954195316,0.863715498,0.507758823,0.037514381,0.183334861,1.032282751,9.399999619,9.920000076,10.30000019,10.35999966,10.06000042,9.399999619,8.812000275,23.55999947,23.9829998,24.14299965,24.56100082,24.47100067,22.13999939,20.70899963,32.2,1
93,FSM,Micronesia,Democracy,326128700,316040600,317999400,315179700,329895600,336427500,5.01850353,1.752327374,0.650284892,-0.298115837,-1.037468064,,,,,,,,,,,,,,,,74.4,1
94,GBR,United Kingdom,"Capitalism,Democracy",2.66E+12,2.74E+12,3.02E+12,2.89E+12,2.65E+12,2.62E+12,2.573234797,2.291666667,1.451120163,0.368046842,1.008417368,2.557755776,7.889999866,7.53000021,6.110000134,5.300000191,4.809999943,4.329999924,3.996000051,21.20999908,20.68000031,16.95999908,14.63000011,12.98999977,12.07999992,11.12300014,34.3,1
95,GEO,Georgia,Capitalism,15846474598,16140047042,16509305829,13993546748,14378016729,15081338092,-0.943658853,-0.512058411,3.068812104,4.003578207,2.134927139,6.035317253,15.03999996,14.56000042,12.35000038,11.96000004,11.76000023,11.60200024,11.63700008,32.91500092,35.51200104,30.49799919,30.33200073,29.93199921,28.77599907,28.41799927,74,1
96,GMB,Gambia,Democracy,910026155.7,1367041585,1259063630,1394149615,1442298542,1489464788,4.254534775,5.699730297,5.947374922,6.808326252,7.228792721,8.034580156,9.420000076,9.421999931,9.427000046,9.420000076,9.43200016,9.449999809,9.454999924,12.87699986,12.86499977,12.8039999,12.86400032,12.88300037,12.8920002,12.89299965,87.1,0
97,GNQ,Equatorial Guinea,Dictatorship,22389626329,21942597765,21736500713,13180195435,11260900826,12293579173,3.656620483,2.948876946,4.309998661,1.676630853,1.411939155,0.744354747,5.551000118,5.522999763,5.494999886,5.459000111,6.193999767,6.914000034,7.576000214,11.41499996,11.28199959,11.31999969,11.2329998,12.72900009,14.16399956,15.52400017,83.4,0
98,GRC,Greece,Democracy,2.46E+11,2.4E+11,2.37E+11,1.96E+11,1.93E+11,2E+11,1.501527961,-0.922168807,-1.311210501,-1.736036796,-0.825651782,1.121235477,24.44000053,27.46999931,26.48999977,24.89999962,23.54000092,21.48999977,21.07299995,55.2519989,58.21099854,52.43999863,49.81700134,47.27799988,43.59700012,42.52600098,55.3,1
99,GRD,Grenada,Democracy,799882259.3,842620111.1,911497407.4,997007925.9,1061631222,1126882296,2.41077704,-0.043999786,-0.983603056,-0.515448031,1.650389944,0.908458256,,,,,,,,,,,,,,,59.9,1
100,GUY,Guyana,Democracy,2861560061,2987684143,3077643261,3197222215,3504024213,3621046005,2.391935213,1.901251819,0.852630498,-1.001734328,0.836008062,1.904656155,11.07499981,11.1260004,11.57499981,11.80900002,11.75500011,12.03999996,11.92300034,21.45999908,21.12400055,21.50200081,21.58099937,21.26499939,21.54899979,21.75600052,70.4,1
101,HRV,Croatia,Democracy,56548374546,58147688052,57671307487,49490142433,51640880494,55213087271,3.422982885,2.206461781,-0.208172706,-0.50390772,-1.125,1.129372103,15.93000031,17.25,17.29000092,16.18000031,13.10000038,11.21000004,9.098999977,42.02500153,50.01800156,45.55699921,42.44400024,31.3390007,27.36700058,22.25499916,48.7,1
102,HUN,Hungary,Democracy,1.28E+11,1.35E+11,1.4E+11,1.23E+11,1.26E+11,1.39E+11,5.652145171,1.73319985,-0.227566271,-0.06164468,0.394769307,2.348242812,11,10.18000031,7.730000019,6.809999943,5.110000134,4.159999847,3.648999929,28.17399979,26.50900078,20.33099937,17.20199966,12.85200024,10.68900013,9.440999985,50.2,1
103,IDN,Indonesia,Democracy,9.18E+11,9.13E+11,8.91E+11,8.61E+11,9.32E+11,1.02E+12,4.279499996,6.412513302,6.394925408,6.363121131,3.525805157,3.80879807,4.46999979,4.340000153,4.050000191,4.510000229,4.119999886,4.179999828,4.321000099,14.96100044,15.1590004,15.18700027,16.68899918,14.91899967,15.23700047,15.84899998,72.3,1
104,IND,India,Democracy,1.83E+12,1.86E+12,2.04E+12,2.1E+12,2.27E+12,2.6E+12,9.312445605,10.90764331,6.657577823,4.906973441,4.948216341,3.328173375,3.621000051,3.463999987,3.414000034,3.49000001,3.505000114,3.523000002,3.53399992,10.61600018,10.07699966,10.02900028,10.35999966,10.46800041,10.54300022,10.60700035,76.3,1
105,IRL,Ireland,"Capitalism,Democratic socialism,Democracy",2.26E+11,2.39E+11,2.58E+11,2.91E+11,3.05E+11,3.34E+11,1.696208973,0.508714869,0.182542317,-0.289879079,0.008306338,0.340531561,14.67000008,13.03999996,11.26000023,9.399999619,7.889999866,6.399000168,5.979000092,30.40600014,26.71899986,23.78800011,20.72999954,17.06900024,13.61400032,12.57299995,20.7,1
106,IRN,Iran,Dictatorship,5.99E+11,4.67E+11,4.34E+11,3.86E+11,4.19E+11,4.54E+11,25.73656846,39.26602343,17.22132871,13.69920844,8.651257774,9.987184964,12.21000004,10.43999958,10.56999969,11.06000042,12.43000031,12.51599979,12.36900043,27.04500008,23.68499947,24.87899971,25.83799934,28.80699921,29.93600082,29.86499977,84.3,1
107,IRQ,Iraq,Dictatorship,2.18E+11,2.35E+11,2.35E+11,1.77E+11,1.71E+11,1.92E+11,6.089096416,1.879498007,2.235974079,1.393330288,0.525433312,0.184058899,7.960000038,8.06400013,8.203000069,8.086999893,7.90899992,8.161000252,8.234000206,16.01399994,16.31500053,16.61700058,16.41300011,16.14900017,16.74500084,16.92300034,102.2,0
108,ISL,Iceland,"Capitalism,Democratic socialism,Democracy",14292008745,15548321544,17304033021,16942247374,20304098101,23909289979,5.185899888,3.872279237,2.044614815,1.633055582,1.69692762,1.760415592,6,5.380000114,4.900000095,3.980000019,2.980000019,2.75,2.835000038,13.25899982,10.45300007,9.616000175,8.598999977,6.335999966,7.59499979,7.756000042,20.3,1
109,ITA,Italy,Democracy,2.07E+12,2.13E+12,2.15E+12,1.83E+12,1.86E+12,1.93E+12,3.041363332,1.219993423,0.24104743,0.0387904,-0.094016657,1.226533166,10.64999962,12.14999962,12.68000031,11.89999962,11.68999958,11.21000004,10.56599998,35.49300003,40.25600052,42.86700058,40.48699951,37.84999847,34.72600174,32.74599838,43.8,1
110,JOR,Jordan,Capitalism,30937277606,33593843662,35826925775,37517410282,38654727746,40068308451,4.5152,4.824561404,2.898931704,-0.87691336,-0.778579635,3.324392334,12.19999981,12.60000038,11.89999962,13.07499981,15.27499962,14.92199993,14.66899967,30.86899948,32.53699875,31.48200035,33.29399872,38.5,39.76399994,40.57099915,76.8,1
111,JPN,Japan,"Capitalism,Democracy",6.2E+12,5.16E+12,4.85E+12,4.39E+12,4.95E+12,4.87E+12,-0.051939058,0.346440326,2.761954083,0.78951789,-0.116666667,0.467211747,4.349999905,4.03000021,3.579999924,3.329999924,3.130000114,2.829999924,2.444999933,8.090000153,6.822000027,6.284999847,5.513000011,5.153999805,4.618000031,3.960999966,34.5,1
112,KHM,Cambodia,Dictatorship,14054443213,15227991395,16702610842,18049954289,20016747754,22158209503,2.932724618,2.94260016,3.855238553,1.221270061,3.04541464,2.890924692,0.159999996,0.300000012,0.180000007,0.179000005,0.197999999,0.216000006,0.233999997,0.305999994,0.574000001,0.344999999,0.345999986,0.381999999,0.419,0.458000004,84,0
113,KWT,Kuwait,Dictatorship,1.74E+11,1.74E+11,1.63E+11,1.15E+11,1.11E+11,1.2E+11,3.255146003,2.682296841,2.908926729,3.271701661,3.198397767,2.171832985,3.512000084,3.424999952,2.900000095,2.200000048,2.230999947,2.137000084,2.059999943,20.59399986,21.02599907,19.72100067,18.45299911,17.69199944,15.96700001,14.74800014,55.9,0
114,LBN,Lebanon,Democracy,44047334184,46471385850,48524603055,49910270062,51483909755,53576985687,6.581474477,4.821019563,1.854604213,-3.749145248,-0.783359624,4.321352183,6.553999901,6.584000111,6.607999802,6.627999783,6.578999996,6.640999794,6.690999985,17.22100067,17.19300079,17.20100021,17.24699974,17.21899986,17.55200005,17.86899948,86.8,0
115,LKA,Sri Lanka,Democracy,68434409315,74317806538,79356449841,80604080689,81787420023,87357205923,7.542913732,6.908450348,3.179002282,3.768367831,3.958888466,7.704137679,3.880000114,4.440000057,4.400000095,4.670000076,4.369999886,4.078999996,4.138000011,16.91600037,19.98800087,20.8029995,20.61700058,22.06599998,20.74300003,20.87599945,84.9,1
116,LTU,Lithuania,"Capitalism,Democracy",42848195256,46417340375,48516371721,41508609233,42773029835,47168303744,3.089983269,1.047466621,0.103789914,-0.884108435,0.905521554,3.722971712,13.35999966,11.77000046,10.69999981,9.119999886,7.860000134,7.070000172,6.920000076,26.65399933,21.9090004,19.26399994,16.28899956,14.4090004,13.20400047,13.34799957,39.4,1
117,LUX,Luxembourg,"Capitalism,Democracy",56677961787,61739352212,66327344189,57784495265,58631324559,62404461275,2.662841655,1.734039635,0.628543985,0.474743161,0.290833333,1.730799591,5.139999866,5.849999905,5.849999905,6.670000076,6.289999962,5.519999981,5.359000206,18.53100014,15.36499977,22.00699997,17.23800087,18.70400047,15.22999954,14.96100044,20.8,1
118,LVA,Latvia,"Capitalism,Democracy",28119996053,30254677297,31335013752,26972863394,27571513793,30264454642,2.257789244,-0.029454778,0.620490637,0.174242244,0.140633335,2.930363124,15.05000019,11.86999989,10.85000038,9.869999886,9.640000343,8.710000038,8.569000244,28.50099945,23.20700073,19.57799911,16.27300072,17.22500038,16.97999954,16.78100014,44.9,1
119,MDA,Moldova,Democracy,7284686576,7985387152,7983241044,6512885830,6795731286,8128493432,4.546334274,4.597878974,5.088785546,9.676240331,6.35930898,6.570229975,5.579999924,5.099999905,3.859999895,3.690000057,4.179999828,4.453999996,4.385000229,13.09200001,12.21000004,9.852999687,10.73700047,11.23499966,12.83600044,12.60499954,69.5,1
120,MDV,Maldives,Democracy ,2886170572,3295011382,3697351597,4109424801,4414055725,4865546027,10.88469566,3.805516819,2.12011311,0.953206659,0.502509414,2.703464654,5.113999844,4.96600008,5.210000038,5.052999973,5.027999878,4.994999886,4.965000153,12,11.8760004,12.88599968,13.07600021,13.52299976,13.77999973,14.04100037,72.4,1
121,MLT,Malta,"Capitalism,Democracy",9205742002,10146688739,11216758082,10554669618,11274020601,12518134319,2.375820578,1.180284364,0.310306472,1.100548264,0.642702772,1.364354482,6.309999943,6.389999866,5.800000191,5.389999866,4.699999809,4.010000229,3.903000116,14.07699966,13.02000046,11.74100018,11.77400017,11.02299976,10.49800014,10.33600044,36.2,1
122,MMR,Myanmar,Dictatorship,59937797559,60269734045,65446199788,59687410897,63256184700,67068745521,1.467583227,5.483386189,5.046410888,9.485472555,6.964739177,4.572727331,0.781000018,0.778999984,0.774999976,0.769999981,0.782999992,0.79400003,0.801999986,1.597000003,1.603000045,1.598999977,1.592000008,1.629999995,1.659000039,1.682000041,96.1,0
123,MNE,Montenegro,Democracy ,4087724528,4464261816,4587926231,4052913386,4374130531,4844592067,4.14524725,2.205892681,-0.710514052,1.548691582,-0.271385023,2.380235991,19.72999954,19.5,18,17.52000046,17.70000076,16.06999969,16.11599922,40.54700089,41.46300125,35.37400055,37.64300156,37.61899948,31.81599998,32.70100021,55.3,1
124,MNG,Mongolia,Democracy,12292770631,12582122604,12226514722,11749620620,11186734674,11433635876,14.31760204,10.48814505,12.22544812,6.580057365,1.05535328,4.050499281,3.900000095,4.230000019,4.800000191,4.860000134,7.239999771,6.959000111,6.653999805,8.236000061,10.47500038,11.85000038,12.57199955,19.8579998,18.88199997,17.9260006,54.9,0
125,MYS,Malaysia,"Capitalism,Democracy",3.14E+11,3.23E+11,3.38E+11,2.97E+11,2.97E+11,3.15E+11,1.663571025,2.105012312,3.142990509,2.104389802,2.090566595,3.871201158,3.019999981,3.109999895,2.869999886,3.099999905,3.440000057,3.414999962,3.349999905,10.10700035,10.07400036,9.868000031,10.77700043,10.72500038,10.84899998,10.81900024,63.6,1
126,NLD,Netherlands,"Capitalism,Democracy",8.29E+11,8.67E+11,8.8E+11,7.58E+11,7.77E+11,8.26E+11,2.455547653,2.506898527,0.97603508,0.600248147,0.316666667,1.381458714,5.820000172,7.239999771,7.420000076,6.869999886,6.010000229,4.840000153,3.792999983,11.68599987,13.15600014,12.73700047,11.24199963,10.83500004,8.880999565,6.959000111,26.2,1
127,NOR,Norway,"Capitalism,Democracy",5.1E+11,5.24E+11,4.99E+11,3.87E+11,3.71E+11,3.99E+11,0.696864111,2.120486204,2.041702867,2.171136654,3.55,1.875100596,3.119999886,3.420000076,3.480000019,4.300000191,4.679999828,4.159999847,3.894999981,8.418999672,9.079000473,7.815999985,9.876000404,11.09899998,10.30200005,9.668999672,18.3,1
128,NPL,Nepal,Democracy,18851513891,19271168018,20002968838,21410840909,21185922408,24880266905,9.459809804,9.040163119,8.364154697,7.868908956,8.79034332,3.228928123,2.89199996,3.299999952,3,3.101999998,3.062000036,2.736000061,2.690000057,4.755000114,5.436999798,4.953999996,5.127999783,4.988999844,4.306000233,4.306000233,87.9,0
129,NZL,New Zealand,"Capitalism,Democracy",1.76E+11,1.91E+11,2.01E+11,1.78E+11,1.89E+11,2.06E+11,1.059913184,1.134422664,1.227507506,0.292704628,0.646240284,1.850787675,6.409999847,5.760000229,5.380000114,5.369999886,5.110000134,4.881000042,5.039000034,16.64999962,14.9829998,13.9090004,13.72599983,13.28600025,12.76500034,13.21500015,20.9,1
130,OMN,Oman,"Capitalism,Dictatorship",76689206762,78784395319,81076723017,68905071521,66824447334,72642652796,2.947734953,1.045528388,1.022343145,0.065290133,1.109208058,1.597160603,3.773000002,3.651000023,3.493999958,3.318000078,3.266000032,3.25,3.229000092,8.793000221,8.845000267,8.944999695,9.046999931,8.661999702,8.456000328,8.42800045,52.6,1
131,PAK,Pakistan,Democracy,2.24E+11,2.31E+11,2.44E+11,2.71E+11,2.79E+11,3.05E+11,9.682351861,7.692156119,7.189384028,2.529328173,3.765119164,4.08537368,1.840999961,2.950000048,1.830000043,3.569999933,3.844000101,4.044000149,4.197000027,3.859999895,6.113999844,4.169000149,6.818999767,7.303999901,7.683000088,7.945000172,96.3,0
132,PER,Peru,"Capitalism,Democracy",1.93E+11,2.01E+11,2.01E+11,1.9E+11,1.92E+11,2.11E+11,3.655709068,2.806716509,3.244963042,3.549288049,3.592113241,2.80283917,3.109999895,3.24000001,2.960000038,3,3.529999971,3.59100008,3.638000011,7.289000034,6.686999798,7.612999916,6.77699995,8.697999954,8.593000412,8.619000435,70.1,1
133,PHL,Philippines,Democracy,2.5E+11,2.72E+11,2.85E+11,2.93E+11,3.05E+11,3.14E+11,3.026963911,2.582687661,3.597823439,0.674192537,1.253698801,2.853187726,3.5,3.5,3.599999905,3.039999962,2.710000038,2.345999956,1.881000042,9.510000229,9.293000221,9.56000042,8.532999992,7.671000004,6.774000168,5.467000008,85.5,1
134,PNG,Papua New Guinea,Democracy,21295834133,21261305413,23060047128,20638636035,19028120013,20536314601,4.537205082,4.96031746,5.222117202,5.995957781,6.673728814,5.42204568,2.631999969,2.621999979,2.654000044,2.638000011,2.64199996,2.661999941,2.680000067,4.879000187,4.866000175,4.984000206,4.961999893,5.001999855,5.039000034,5.077000141,84.8,0
135,POL,Poland,"Capitalism,Democracy",5E+11,5.24E+11,5.45E+11,4.77E+11,4.72E+11,5.26E+11,3.560371517,0.991982606,0.053821313,-0.874125874,-0.664767331,2.075935537,10.09000015,10.32999992,8.989999771,7.5,6.159999847,4.889999866,4.364999771,26.42499924,27.20499992,23.76199913,20.69000053,17.59199905,14.77900028,13.29500008,41.5,1
136,PRK,North Korea,Dictatorship,,,,,,,,,,,,,4.493000031,4.492000103,4.480999947,4.522999763,4.721000195,4.776000023,4.745999813,11.1079998,11.13399982,11.13799953,11.36400032,11.72999954,11.66699982,11.34200001,93.2,0
137,PRT,Portugal,"Democratic socialism,Democracy",2.16E+11,2.26E+11,2.3E+11,1.99E+11,2.05E+11,2.18E+11,2.773338541,0.274416667,-0.278153367,0.487938624,0.607397075,1.368614116,15.52999973,16.18000031,13.89000034,12.43999958,11.06999969,8.869999886,7.34800005,37.97499847,38.14799881,34.80899811,32.00299835,27.99200058,23.94099998,19.73600006,27.3,1
138,PRY,Paraguay,Democracy,33283228891,38585317743,40276532541,36164068797,36054281572,39667400816,3.67591898,2.683857387,5.028827675,3.129002745,4.086822806,3.602477413,4.090000153,4.380000114,5.03000021,4.559999943,5.25,4.610000134,4.607999802,10.06200027,9.487999916,11.10099983,10.93099976,11.45800018,10.69299984,10.68799973,69.8,1
139,QAT,Qatar,"Capitalism,Dictatorship",1.87E+11,1.99E+11,2.06E+11,1.62E+11,1.52E+11,1.67E+11,2.315348534,3.214236565,3.351638736,1.610185208,2.872559911,0.408824437,0.479999989,0.270000011,0.189999998,0.159999996,0.140000001,0.122000001,0.120999999,1.598999977,1.05400002,0.731999993,0.550999999,0.446999997,0.405000001,0.419999987,48.1,1
140,ROU,Romania,"Capitalism,Democracy",1.71E+11,1.91E+11,2E+11,1.78E+11,1.88E+11,2.12E+11,3.334922677,3.984712355,1.068309877,-0.594156437,-1.544796668,1.339021211,6.789999962,7.099999905,6.800000191,6.809999943,5.900000095,4.929999828,4.625,22.41500092,23.62400055,23.89999962,21.5359993,20.52099991,18.4659996,17.27099991,49.4,1
141,SAU,Saudi Arabia,Dictatorship,7.36E+11,7.47E+11,7.56E+11,6.54E+11,6.45E+11,6.87E+11,2.866270299,3.511042098,2.241853488,1.222693186,2.053470768,-0.834845735,5.519999981,5.570000172,5.71999979,5.590000153,5.650000095,5.522999763,5.422999859,27.83699989,28.96500015,30.12299919,28.97599983,24.87199974,25.02099991,25.12400055,70.2,1
142,SGP,Singapore,"Capitalism,Democracy",2.91E+11,3.04E+11,3.12E+11,3.04E+11,3.1E+11,3.24E+11,4.575959852,2.358601146,1.024982528,-0.522752485,-0.532286132,0.576324696,2.880000114,2.789999962,2.799999952,1.690000057,1.799999952,2.023999929,1.835999966,6.531000137,6.334000111,6.342999935,3.821000099,4.077000141,4.604000092,4.18900013,30.4,1
143,SLB,Solomon Islands,Monarchy,1063879446,1129787198,1172268301,1154650069,1232699139,1303453622,5.912006025,5.391363886,5.165902379,-0.574469286,0.512485626,0.48868676,2.039000034,2.032000065,2.032999992,2.036999941,2.04399991,2.049999952,2.055999994,4.453000069,4.422999859,4.40899992,4.414000034,4.390999794,4.372000217,4.357999802,83.1,1
144,SRB,Serbia,Democratic socialism,40742313861,45519650911,44210806366,37160332465,38299854688,41431648801,7.330385896,7.694263629,2.082447939,1.39235822,1.122313974,3.131062486,24,22.14999962,19.21999931,17.92000008,15.26000023,14.10499954,13.08399963,50.60499954,48.79100037,46.70899963,42.59000015,34.43399811,32.8219986,31.25499916,68.1,1
145,SUR,Suriname,Democracy,4958566170,5149556634,5235212206,4767414748,3152173913,2995827901,5.006863194,1.923436041,3.383412727,6.867599244,55.48443775,22.01953346,6.289000034,4.840000153,6.940000057,7.21999979,8.175000191,8.123999596,8.052000046,14.99800014,15.35299969,15.7869997,13.32199955,15.68700027,15.86400032,16.33699989,64,1
146,SVN,Slovenia,Democracy,46352802766,48116256926,49904928335,43072415017,44708598649,48769655479,2.59741386,1.769200859,0.199343827,-0.525552286,-0.054999542,1.429107433,8.840000153,10.10000038,9.670000076,8.960000038,8,6.559999943,6.21999979,20.64599991,21.65999985,20.23999977,16.29700089,15.25800037,11.3380003,11.17399979,30.3,1
147,SWE,Sweden,"Capitalism,Democracy",5.44E+11,5.79E+11,5.74E+11,4.98E+11,5.14E+11,5.38E+11,0.888377507,-0.04429297,-0.179638494,-0.046784745,0.984269245,1.794499047,7.960000038,8.010000229,7.920000076,7.400000095,6.989999771,6.71999979,6.318999767,23.36199951,23.1760006,22.49500084,20.02099991,18.74500084,17.82799911,16.93000031,20.8,1
148,SYC,Seychelles,Democracy,1060222480,1328158360,1343010475,1377492466,1427525457,1497959569,7.110370623,4.338938483,1.385834546,4.041944107,-1.015481917,2.856795756,,,,,,,,,,,,,,,56.8,1
149,THA,Thailand,Monarchy,3.98E+11,4.2E+11,4.07E+11,4.01E+11,4.12E+11,4.55E+11,3.014899503,2.184886185,1.895141819,-0.900424963,0.188149704,0.665631893,0.579999983,0.49000001,0.579999983,0.600000024,0.936999977,1.082999945,1.268000007,2.835000038,2.496000051,3.213000059,3.171000004,5.113999844,5.936999798,6.989999771,75,1
150,TJK,Tajikistan,Dictatorship,7633049792,8506045086,9236309138,7854602392,6952678127,7146449583,5.83116601,5.009646453,6.104427651,5.714559496,6.004580823,,10.75,10.60599995,10.47299957,10.36299992,10.3039999,10.28100014,10.29199982,18.99399948,18.71100044,18.46800041,18.29800034,18.5170002,18.88100052,19.21500015,79.5,0
151,TKM,Turkmenistan,Dictatorship,35164210526,39197543860,43524210526,35799714286,36180000000,37926285714,,,,,,,3.665999889,3.630000114,3.576999903,3.575000048,3.479000092,3.401000023,3.335000038,6.520999908,6.458000183,6.336999893,6.423999786,6.46999979,6.525000095,6.585000038,72.6,0
152,TUR,Turkey,Dictatorship,8.74E+11,9.51E+11,9.34E+11,8.6E+11,8.64E+11,8.52E+11,8.891569965,7.493090305,8.854572714,7.670853648,7.775134153,11.14431108,8.149999619,8.729999542,9.880000114,10.23999977,10.84000015,11.26299953,11.14000034,15.68000031,16.94000053,17.82999992,18.47999954,19.47999954,20.31100082,20.07799911,82.2,0
153,UKR,Ukraine,Democracy,1.76E+11,1.83E+11,1.34E+11,91030959455,93355993629,1.12E+11,0.568727972,-0.238948626,12.07185629,48.69986464,13.9127102,14.43832275,7.53000021,7.170000076,9.270000458,9.140000343,9.350000381,9.454999924,8.982000351,17.09700012,17.41900063,23.27000046,22.53199959,22.01000023,23.26300049,22.36300087,72.6,1
154,URY,Uruguay,"Capitalism,Democracy",51264390116,57531233351,57236013086,53274304222,52687612262,56156972158,8.097765806,8.57513504,8.877353332,8.666269871,9.639413476,6.218093826,6.449999809,6.440000057,6.550000191,7.489999771,7.840000153,7.889999866,8.048999786,18.52400017,19.18799973,19.3029995,22.62700081,23.87299919,24.78300095,24.99399948,35.4,1
155,USA,United States,Democracy,1.62E+13,1.67E+13,1.74E+13,1.81E+13,1.86E+13,1.94E+13,2.069337265,1.464832656,1.622222977,0.118627136,1.261583206,2.130110004,8.069999695,7.380000114,6.170000076,5.28000021,4.869999886,4.360000134,4.035999775,16.11800003,15.45300007,13.30599976,11.51500034,10.33699989,9.17800045,8.527999878,37.7,1
156,VEN,Venezuela,Democratic socialism,3.81E+11,3.71E+11,4.82E+11,,,,21.06899563,40.63942752,62.16864998,121.7380853,254.9485348,,7.409999847,7.539999962,6.949999809,6.820000172,7.145999908,7.662000179,7.882999897,16.12299919,16.12400055,14.58300018,14.48799992,15.76399994,17.13999939,18.04400063,86.2,0
157,VNM,Vietnam,"Dictatorship,Communism",1.56E+11,1.71E+11,1.86E+11,1.93E+11,2.05E+11,2.24E+11,9.094216079,6.592255898,4.710018434,0.878603714,3.243567431,3.520256888,1.769999981,1.950000048,1.870000005,2.119999886,2.099999905,2.052999973,2.094000101,5.162000179,5.669000149,5.702000141,6.598999977,6.967999935,6.980999947,7.256999969,68.4,0
158,WSM,Samoa,Democracy,801168622.3,804808525.5,805162571.8,804100582.5,786640006.1,840927996.6,2.049018835,0.610085721,-0.406816088,0.72707706,1.302402922,1.637425973,8.75,8.812999725,8.720000267,8.76099968,8.487000465,8.206000328,8.097999573,18.35000038,18.36499977,18.12000084,18.13899994,18.10499954,17.96699905,18.12899971,65.5,0
159,YEM,Yemen,Dictatorship,35401339869,40415233436,43228583935,45593573381,36436652465,31267675216,9.885387145,10.96844215,8.104725836,,,,15.27700043,14.16300011,13.47000027,13.80700016,13.72900009,14.03600025,14.16699982,28.34799957,26.04199982,24.53000069,25.20800018,25.16900063,25.73600006,26.07299995,112.7,0