Country Name,Country Code,GDPGROWTH2014,GDPGROWTH2015,GDPGROWTH2016,GDPGROWTH2017,EXPORT2014,EXPORT2015,EXPORT2016,EXPORT2017,TRADE2014,TRADE2015,TRADE2016,TRADE2017,INFLATION-2014,INFLATION-2015,INFLATION-2016,INFLATION-2017
Aruba,ABW,0.84822781,-0.450585761,-0.211225106,1.330511037,69.85030571,69.6139477,69.83959477,70.81092263,149.6099515,145.2469905,144.4702406,146.0488209,0.421637771,0.475066611,-0.886758352,-0.481314508
Afghanistan,AFG,2.724543365,1.451314655,2.260314205,2.665292046,15.78237739,11.68798401,5.933360842,5.904815515,67.19592475,55.1255266,47.65905543,51.2368808,4.673996035,-0.661709165,4.383891955,4.975951506
Angola,AGO,4.822625551,0.943575613,-2.580097243,-0.147207422,44.69503125,29.75459949,28.12448456,29.00410005,79.33292751,62.88852078,53.37015528,52.25682145,7.280387304,10.27804607,32.37773407,31.69168614
Albania,ALB,1.77,2.22,3.35,3.835543845,28.21297136,27.26738418,28.9234171,31.52427158,75.40781406,71.8010161,74.66925967,78.08145608,1.613042353,1.910016978,1.275125281,1.993928105
Arab World,ARB,2.45663672,3.30376869,3.239563335,0.98717606,50.95145386,43.95257567,40.91532953,44.03415763,93.14155054,88.85293292,82.6510655,84.94989958,2.772611584,1.610185208,1.844390956,1.783018086
United Arab Emirates,ARE,4.398696682,5.064701529,2.988441821,0.790400388,99.11504126,100.8704802,101.0030139,100.3838415,168.0502337,175.2213076,176.747648,172.8105269,2.346268657,4.069966084,1.615925039,1.968875568
Argentina,ARG,-2.512615321,2.731159828,-1.82254217,2.854466137,14.40547859,10.70565205,12.58383239,11.1815699,28.40679365,22.48622609,26.12191381,25.02083649,,,,
Armenia,ARM,3.6,3.2,0.2,7.5,28.5651387,29.72799648,33.14800495,37.31976764,75.61168484,71.59326535,75.91788003,86.86809418,2.981308689,3.731691193,-1.403607559,0.969553269
American Samoa,ASM,0.94488189,1.248049922,-2.619414484,-5.379746835,66.25194401,64.59909228,65.39050536,57.41324921,171.6951788,163.9939486,162.4808576,150.1577287,,,,
Antigua and Barbuda,ATG,4.658128449,4.025739082,5.589739135,3.032606112,46.31165665,44.30517122,41.57287507,,104.5278771,93.62954254,88.45854358,,1.089441574,0.968993459,-0.489437796,2.43248789
Australia,AUS,2.558337523,2.351136441,2.827310511,1.957575422,21.07576502,20.01296407,19.25302663,21.27035363,42.5798483,41.54738733,40.77147319,41.89297006,2.487922705,1.508366722,1.276990945,1.948647409
Austria,AUT,0.661274653,1.142980101,2.039574983,2.55088076,53.38657905,53.09026348,52.34258687,53.73308894,103.5035353,102.4300547,101.0020251,104.3757952,1.605804145,0.896565316,0.891592367,2.081268583
Azerbaijan,AZE,2,1.099999809,-3.100000202,0.099999814,43.27355666,37.79477749,46.42764939,48.68817468,69.4832252,72.60150791,90.07731873,90.6635907,1.389726358,4.009438267,12.44949552,12.90489121
Burundi,BDI,4.240651644,-3.900003086,-0.60002,0.50001,8.700002079,6.418759976,6.407934323,,43.00001027,22.85071109,23.05617841,,4.405352342,5.544688913,5.557689614,16.0525353
Belgium,BEL,1.254676984,1.716681317,1.488679627,1.692882524,82.66622776,80.79933296,82.72188382,85.78211369,164.6983928,160.1720103,164.1156473,170.3994448,0.340002833,0.561429153,1.973852647,2.12597086
Benin,BEN,6.351831941,2.095808383,3.96485991,5.837823305,31.33347224,24.43981936,24.82783287,27.2863996,74.17685592,58.79788478,61.09065665,67.57712844,-1.006043873,0.273667816,-0.848347682,0.079070843
Burkina Faso,BFA,4.326837357,3.894548057,5.934135105,6.302096059,22.26163854,22.95119853,25.9674053,25.98657678,46.62500864,47.94790441,51.94037852,52.34069405,-0.258089518,0.954993317,-0.244764126,0.368047036
Bangladesh,BGD,6.061059359,6.552652796,7.113489474,7.284184092,18.98966,17.33667379,16.64971496,15.03610763,44.5140802,42.08599631,37.95429635,35.30400009,6.992081513,6.193840909,5.513525727,5.702070157
Bulgaria,BGR,1.837521148,3.471186041,3.936758149,3.811248158,64.91797603,64.10439943,63.97864655,67.3689784,130.7773771,128.0610148,123.6437905,131.0759334,-1.418183803,-0.104633261,-0.79874909,2.064355063
Bahrain,BHR,4.34984233,2.861967825,3.470923702,3.803522262,96.05075125,82.4167843,73.74289237,75.44272215,175.5646506,154.0673928,139.131869,142.8315153,2.646291465,1.839519875,2.800594698,1.38734376
"Bahamas, The",BHS,-0.147988573,1.044959524,-1.689549856,1.437191339,37.86608015,34.98130136,35.80852789,33.65454979,87.71230139,73.68706698,73.48633307,75.46394126,1.506998589,1.86826447,-0.34637693,1.518207007
Bosnia and Herzegovina,BIH,1.149622102,3.076822671,3.144069998,3.186202561,33.9837697,34.75919574,35.52927468,38.87381734,90.65381372,88.08738013,87.76174107,94.56673835,-0.897194054,-1.023285045,-1.089130318,1.168812637
Belarus,BLR,1.726384854,-3.829570558,-2.526446436,2.421904374,54.94100406,58.01076657,62.50934712,67.04341296,110.6514244,115.9148262,125.2093229,134.1053622,18.11955435,13.53448976,11.83658077,6.031837252
Belize,BLZ,3.692371465,3.431950484,-0.58802365,1.437288946,61.20734107,57.52401368,51.68397798,54.20844127,125.315638,122.3304113,112.2198743,111.8271019,,,,
Bermuda,BMU,,,,,,,,,,,,,,,,
Bolivia,BOL,5.460569752,4.857187895,4.263919404,4.195207019,43.29308812,30.86829588,24.48800571,24.90414433,85.26446981,67.93284494,56.40103455,56.70465284,5.764576458,4.060963726,3.625239368,2.822185557
Brazil,BRA,0.50395574,-3.545763393,-3.305454313,1.06386126,11.01194282,12.90019142,12.4709021,12.5734556,24.68540582,26.95362594,24.5419928,24.14448019,6.329152227,9.029807186,8.7391283,3.446367832
Barbados,BRB,0.018086453,0.904159132,2.007168459,1,40.77923769,35.22790485,36.40608958,37.9810827,91.47742684,79.00046901,82.61997549,82.8433583,1.769503221,-1.112789925,1.281928131,4.66018464
Brunei Darussalam,BRN,-2.34974675,-0.566814609,-2.465514923,1.328751616,68.71895714,52.21059737,49.57777738,49.57330641,99.36944921,84.89706379,87.31980133,85.17686018,-0.207108732,-0.415121926,-0.739068722,-0.171311525
Bhutan,BTN,5.745455168,6.644564258,8.022101221,4.629101391,36.28465253,33.21936009,27.41570372,29.09194977,93.62265911,96.41821166,77.68976254,78.64533616,8.271060939,4.548143951,4.310168755,3.858200035
Botswana,BWA,4.149252786,-1.697935502,4.315486504,2.360080745,60.83018988,52.23493874,49.74941621,39.8277025,114.7726626,105.7945451,92.91097355,73.75534162,4.402253092,3.062031696,2.814957914,3.308280768
Central African Republic,CAF,1.040018047,4.799886081,4.531285963,4.299938053,13.03008901,12.61192275,12.72904297,12.51808781,50.592605,47.19062219,42.75433508,44.29288772,25.28281065,37.14221481,,
Canada,CAN,2.855739204,1.000882494,1.414102746,3.047350681,31.53689616,31.61644997,31.18991572,31.04885644,64.05762293,65.75532511,64.82875981,64.45632525,1.906635907,1.125241361,1.428759547,1.596884129
Central Europe and the Baltics,CEB,3.049593397,3.828538549,3.143887549,4.757049822,62.42731801,62.98441499,63.8931725,65.41639567,122.139986,122.636758,123.3138275,126.7875971,0.053821313,-0.492326007,-0.054999542,2.075935537
Switzerland,CHE,2.449218097,1.333369086,1.601223556,1.616692155,64.2737114,62.21614788,65.83876562,64.90901879,116.8601163,112.730195,120.1597991,119.1075285,-0.01322916,-1.143900644,-0.434607639,0.533795988
Channel Islands,CHI,,,,,,,,,,,,,,,,
Chile,CHL,1.766739784,2.305257138,1.265867603,1.489906004,33.10535546,29.36666904,28.18355638,28.70361194,65.26195391,58.95284382,55.51270319,55.69508073,4.395,4.348867283,3.786661771,2.182469485
China,CHN,7.297665959,6.900204817,6.7,6.9,23.49505827,21.34807161,19.65837757,19.7573801,44.87656028,39.45306552,37.03381668,37.8033996,1.921643416,1.437024514,2,1.593137255
Cote d'Ivoire,CIV,8.79407739,8.842865442,7.971745738,7.702089422,39.27465106,37.71798058,33.39907508,34.00657015,73.64524821,71.96487785,63.74837762,65.70747177,0.448682077,1.251499548,0.723178458,0.685881065
Cameroon,CMR,5.884059327,5.651463744,4.648481551,3.549087318,24.93807419,22.25966622,19.23934954,18.58391647,55.06479448,49.869207,43.20451792,41.18996694,1.854898504,2.676235314,0.874190383,0.64040915
"Congo, Dem. Rep.",COD,9.470288097,6.91618781,2.399379098,3.70085075,36.83218885,27.7255678,27.21898417,35.60336287,78.69015013,59.33243096,59.59084634,75.03500043,1.243038898,0.744198995,2.885851073,
"Congo, Rep.",COG,6.779916158,2.646485877,-2.800018788,-3.1,72.98675034,69.27556739,66.46572105,94.03353272,143.2393833,165.6458629,152.1423458,159.2039381,0.912139545,3.169097968,3.190561797,0.450063823
Colombia,COL,4.728312246,2.955945907,1.962614267,1.789192546,16.63474911,15.65021151,14.54350561,14.55264492,37.48751807,38.36076412,35.91992842,34.25836415,2.898838115,4.989829057,7.513460597,4.314313175
Comoros,COM,2.100006438,1.099964632,2.188197456,2.707658829,9.676472177,9.905299876,10.65224883,11.61818696,39.2358232,36.9437708,36.88049751,40.13621781,,,,
Cabo Verde,CPV,0.611212666,1.006863707,4.705791509,4.013257244,40.36113969,44.90744231,44.229689,47.44609542,101.0464397,104.066089,104.1918617,114.3276153,-0.238778145,0.131187999,-1.408430485,0.783900981
Costa Rica,CRI,3.515338564,3.631731441,4.245989878,3.280464528,32.25500516,30.82494048,32.09551247,33.34497699,67.04554822,62.5182964,63.9275352,66.26461525,4.519346498,0.801857162,-0.017471924,1.625723304
Caribbean small states,CSS,0.659092484,1.051289334,-1.862432112,0.191942013,,,,,,,,,1.298220082,0.226772714,1.058968096,2.028996322
Cuba,CUB,1.047576632,4.438141959,0.513761468,1.783497627,22.08391192,17.14734945,14.98303601,14.54089271,39.27420155,31.61373991,27.26934442,26.21759197,,,,
Curacao,CUW,,,,,72.24137601,,,,157.5701116,,,,1.498739696,-0.47654205,-0.047207985,1.585588017
Cayman Islands,CYM,2.654529322,2.833122427,3.53565895,2.9,,,,,,,,,1.273979115,-2.347527702,-0.625258359,
Cyprus,CYP,-1.311465423,1.96230401,4.812187624,4.231414524,62.04209204,64.51080299,64.53364485,65.02606929,122.3181401,128.8232516,129.6708527,133.5747119,-1.354988854,-2.096997691,-1.687890723,0.531766496
Czech Republic,CZE,2.715116132,5.309238519,2.450542387,4.352603518,82.54569243,81.04930107,79.55561987,79.7260775,158.7269567,156.0998637,151.3946757,151.9288756,0.34398859,0.309364548,0.683504209,2.450533985
Germany,DEU,2.178066561,1.738967619,2.242235099,2.15710947,45.64481605,46.8597443,45.89704882,47.04723953,84.36525681,85.71197103,83.9622122,86.53371332,0.906797035,0.234429945,0.483355422,1.737916052
Djibouti,DJI,8.920584625,9.683798116,8.722260061,4.090263628,34.94218647,38.67626515,33.71373579,34.22659405,92.9227735,107.5167473,84.64915168,108.4882288,1.341864943,-0.847389734,2.738412087,0.568112117
Dominica,DMA,4.388895668,-2.550500001,2.522045734,-9.530268983,52.07953309,49.53090678,48.85227115,50.06774345,116.0011378,107.713772,103.4006061,113.7244402,0.799250373,-0.786447746,0.231336293,0.351079651
Denmark,DNK,1.619374971,2.342620274,2.39968219,2.262366309,54.61311905,55.41815871,53.59391605,54.54405213,102.2639205,104.0482116,100.4502394,101.9916743,0.56402054,0.452034154,0.25,1.14713217
Dominican Republic,DOM,7.636031824,7.033371069,6.612208223,4.551815138,25.4468907,24.5165951,24.92017833,24.83121626,56.15368116,53.9379181,53.83736482,52.92070145,3.050108932,0.826638478,1.59498997,3.279556947
Algeria,DZA,3.789121212,3.763466958,3.3,1.600000001,30.21911743,23.17177829,20.86001063,22.63888685,62.14577676,59.69512912,55.89224352,56.14035208,2.916926921,4.784447007,6.397694803,5.59111591
East Asia & Pacific (excluding high income),EAP,6.761632841,6.494765605,6.331963703,6.585667037,28.26186981,26.26133292,24.65964836,25.17769985,54.47616422,49.49312443,47.00834273,48.52284758,3.142990509,1.221270061,1.798397815,3.121006066
Early-demographic dividend,EAR,4.019081427,4.654708548,4.796493616,4.702491011,26.5632831,24.42343694,23.9423865,25.07042657,55.62948008,52.32589075,50.56981897,52.71071303,4.265748081,3.062031696,3.524489167,3.602477413
East Asia & Pacific,EAS,4.127739022,4.165562681,4.105199726,4.55819776,32.03497774,30.08766294,28.27525236,29.39052896,62.89169579,57.7018681,54.01512844,56.41746229,2.510876333,0.878603714,1.265344873,1.850787675
Europe & Central Asia (excluding high income),ECA,2.236552401,0.558920057,1.50780154,4.070748515,30.61012018,30.94113373,29.35404844,30.69835931,59.40094262,59.51005235,58.00924076,60.67005453,2.981308689,4.003578207,1.275125281,3.153186175
Europe & Central Asia,ECS,1.867775452,1.998843619,1.902352352,2.636833073,41.46427705,41.96375519,41.51311135,42.90754657,79.76987538,80.4066078,79.78657108,82.51325108,0.592255589,0.271897247,0.372761399,1.875100596
Ecuador,ECU,3.788868549,0.098872608,-1.226383985,2.368386526,28.05185415,21.25822138,19.50479127,20.83281789,57.70816899,45.24387715,38.52134034,42.42172139,3.589220166,3.966646233,1.728264633,0.417335589
"Egypt, Arab Rep.",EGY,2.91591188,4.372019078,4.346643456,4.181221,14.24413146,13.18384549,10.34546394,15.8184438,36.92018779,34.84594296,30.24654905,45.12680115,10.1445712,10.36206974,13.80966828,29.50193273
Euro area,EMU,1.401774789,2.112305703,1.951737344,2.374067427,43.69249609,44.58492339,43.96374241,45.43759986,83.75009369,85.09138405,83.83252332,86.72254663,0.24104743,0.037514381,0.183334861,1.381458714
Eritrea,ERI,,,,,,,,,,,,,,,,
Spain,ESP,1.379997238,3.644680152,3.17258966,2.979182401,32.71299455,32.9353059,33.11564854,34.31445428,62.99647338,63.53729542,63.07784719,65.71452579,-0.150870313,-0.500461321,-0.202671741,1.956083333
Estonia,EST,2.888563845,1.90028659,3.489097111,4.856686856,81.802388,77.34500433,77.59978593,76.54409628,160.0488729,150.6825544,151.1276211,148.5334788,-0.106175147,-0.492326007,0.148684908,3.417235495
Ethiopia,ETH,10.25749296,10.39246302,7.561766692,10.24581085,11.64161991,9.363313597,7.948019726,7.73832982,40.74108415,39.65612414,35.50633663,31.45064694,7.402193468,10.11074774,7.263731539,9.848250242
European Union,EUU,1.784262494,2.348068923,2.04271785,2.455535323,42.63927778,43.27654161,42.93215378,44.41168289,82.37434561,83.22188334,82.48555716,85.39443838,0.220195628,-0.054214713,0.216667431,1.579953512
Fragile and conflict affected situations,FCS,1.104451921,2.274278079,5.202743866,2.956808146,32.78345142,29.06266787,25.9000915,30.27159455,78.14910838,72.32681873,64.37822314,66.2961288,1.793794657,1.431611458,1.575302229,1.484338371
Finland,FIN,-0.631728091,0.50066201,2.77192552,2.65252953,37.22222763,36.36164457,35.86750774,38.51321173,75.37449994,73.1814891,72.76985093,76.73565826,1.041196212,-0.20792884,0.356684501,0.754015047
Fiji,FJI,5.603514517,3.844407023,0.380003448,3.800000088,52.57031435,49.92786885,26.407256,,115.9205861,105.5114754,77.98773633,,0.528118153,1.376130953,3.864771418,3.351087439
France,FRA,0.956183042,1.112912342,1.171050152,2.161158086,29.6666845,30.59262238,30.15546306,30.8816798,60.47879652,61.75169393,61.12889533,62.86603206,0.507758823,0.037514381,0.183334861,1.032282751
Faroe Islands,FRO,,,,,,,,,,,,,,,,
"Micronesia, Fed. Sts.",FSM,-2.156058931,4.931500557,0.7,3.2,26.14715625,26.27301187,26.61996704,,99.61666594,103.7594426,99.02402457,,0.650284892,-0.298115837,-1.037468064,
Gabon,GAB,4.314964441,3.878899395,2.091442208,0.495319116,44.52089239,46.0320085,44.03534729,50.46231428,73.52032902,73.94978146,70.13338106,75.10353023,4.690457518,-0.338795189,2.106707128,
United Kingdom,GBR,2.947560564,2.349121443,1.789236055,1.822927774,28.21088817,27.40791808,28.27896487,30.12930633,58.03079225,56.23916377,58.12617668,61.42628739,1.451120163,0.368046842,1.008417368,2.557755776
Georgia,GEO,4.623331526,2.880318815,2.848973376,4.833230527,42.94361709,44.73795658,43.60424324,50.26564166,103.4137656,107.0081835,102.9296009,112.5142193,3.068812104,4.003578207,2.134927139,6.035317253
Ghana,GHA,2.897438837,2.178206744,3.447792991,8.143446549,28.82108383,31.95879558,31.88067471,35.25800386,65.17054908,75.58639399,69.35767023,73.6482046,15.48961603,17.1499695,17.45463471,12.37192155
Gibraltar,GIB,,,,,,,,,,,,,,,,
Guinea,GIN,3.707451613,3.81494989,10.45410582,10.60432284,26.68851024,21.49687063,29.42315562,42.73029967,76.77196287,72.44272594,110.971585,146.7665896,9.713977334,8.150870775,8.172681123,8.915131698
"Gambia, The",GMB,-0.940235559,5.868247652,0.405596455,4.557732011,19.35002267,15.80879852,16.05016605,12.35344128,51.46992295,48.07995631,44.07639205,47.11997055,5.947374922,6.808326252,7.228792721,8.034580156
Guinea-Bissau,GNB,0.964560751,6.134082941,6.262805638,5.919176626,20.20740014,27.54304392,26.5081143,27.36285951,51.59301419,59.78153675,57.81222441,58.95859941,-1.509244606,1.404608873,1.575302229,1.362148999
Equatorial Guinea,GNQ,0.415066301,-9.110041149,-8.533910585,-4.916494791,65.9632886,56.65847382,51.28625672,57.42314199,104.3791987,98.87805917,92.37275703,95.59808686,4.309998661,1.676630853,1.411939155,0.744354747
Greece,GRC,0.739777123,-0.437833918,-0.190952277,1.505099308,32.37304071,31.55327071,30.06374593,32.99039638,67.14945369,63.05516078,60.8405277,67.00055501,-1.311210501,-1.736036796,-0.825651782,1.121235477
Grenada,GRD,7.344076522,6.443143733,3.735614132,5.05921616,60.15500339,58.0056015,55.8163271,,119.0613898,114.7213994,107.9104333,,-0.983603056,-0.515448031,1.650389944,0.908458256
Greenland,GRL,5.312726049,0.31010915,7.662998895,,38.53128061,37.0831048,38.98096655,,87.22091067,83.06528188,84.91872217,,,,,
Guatemala,GTM,4.174169137,4.140044358,3.092482558,2.760338484,23.15841855,21.16044686,19.54210214,18.7960059,56.71791511,51.30626369,47.00487834,45.65723067,3.418361697,2.388720328,4.448441999,4.424536552
Guam,GUM,1.733307071,0.561471442,0.250288795,0.192049165,19.10436981,18.35376532,19.38546522,19.25243216,78.38569881,71.62872154,70.75781115,70.71172555,,,,
Guyana,GUY,3.846923912,3.162407787,3.316131655,2.924668313,43.81274519,40.85421382,45.84443207,44.36011025,115.9515646,100.267981,100.4030976,104.1177924,0.852630498,-1.001734328,0.836008062,1.904656155
High income,HIC,1.993485737,2.35712744,1.720725722,2.217967638,31.8232663,31.03046272,30.27176691,31.24269418,62.58890894,60.98830045,59.33232584,61.19561975,1.041196212,0.330027165,0.483355422,1.596884129
"Hong Kong SAR, China",HKG,2.762416633,2.38784571,2.162923295,3.79134856,213.0904135,195.8976016,186.9989513,188.0005622,425.9758717,389.4059493,371.7078533,375.0910472,4.438502674,2.995391705,2.411135968,1.480582524
Honduras,HND,3.058080562,3.840079971,3.75214891,4.78529791,47.56265473,45.16675746,42.61093766,43.56038393,112.9750973,107.2644054,100.4878811,102.415772,6.129249303,3.15783118,2.724612233,3.934360844
Heavily indebted poor countries (HIPC),HPC,5.571662287,4.921418892,4.4730565,5.192537749,26.35792637,24.29268973,23.48674016,25.19851007,63.5128767,60.43589866,57.77450319,59.3797096,4.566173531,3.997379967,4.004565661,4.975951506
Croatia,HRV,-0.087513351,2.400591883,3.536129549,2.921363383,45.26994748,48.13601817,48.73938037,51.08624181,88.62328858,93.90497452,94.69270929,99.92492381,-0.208172706,-0.50390772,-1.125,1.129372103
Haiti,HTI,2.810148498,1.211218343,1.452707027,1.173279505,18.51724182,20.00736467,20.72184401,18.83800105,71.25001596,70.55168963,73.34189505,75.32700019,4.566173531,9.016518813,13.83374255,14.67307574
Hungary,HUN,4.224653755,3.536425476,2.28079775,4.137063937,87.67488954,88.96884788,89.72620542,88.24938994,168.9685191,169.8382284,169.4448239,168.9345085,-0.227566271,-0.06164468,0.394769307,2.348242812
IBRD only,IBD,4.275683383,3.795237794,4.210662084,4.923759052,26.71056861,25.73438705,24.89959881,25.6021479,53.59940024,50.94202494,49.40813626,50.89399356,3.418361697,3.129002745,2.814957914,3.328173375
IDA & IBRD total,IBT,4.369562835,3.823324205,4.137517769,4.881105303,26.41386809,25.31261861,24.47344633,25.20642838,53.40061329,50.64815593,49.08434668,50.56340294,3.597823439,3.1590705,2.85377946,3.398727636
IDA total,IDA,5.738526101,4.220240574,3.108059644,4.27436219,21.74707789,18.79469863,17.8850884,18.94844449,50.27390164,46.10676668,44.07852881,45.33537978,4.267297705,3.160309819,3.04541464,3.858200035
IDA blend,IDB,5.862203948,3.824578221,1.582042575,2.790290982,19.12413287,14.59446948,13.04263578,14.9421389,40.23364528,34.10118961,31.97364235,34.37596862,1.383519025,2.602781743,1.352871612,1.531534889
Indonesia,IDN,5.006668426,4.8763223,5.033069183,5.067406366,23.6659846,21.16017926,19.08899385,20.18855926,48.08017559,41.93764024,37.4213418,39.36274549,6.394925408,6.363121131,3.525805157,3.80879807
IDA only,IDX,5.608821685,4.636178296,4.699833169,5.776284876,24.07367709,22.52416954,22.18811738,22.52376411,59.17978878,56.7667685,54.83499489,55.11581135,4.485762936,3.254726881,3.523173176,3.934360844
Isle of Man,IMN,5,-0.9,7.4,,,,,,,,,,,,,
India,IND,7.410227605,7.996253786,8.169526505,7.167888861,22.96796301,19.81318916,19.19475337,18.78061226,48.92218575,41.92291387,40.15888891,40.76668046,6.657577823,4.906973441,4.948216341,3.328173375
Not classified,INX,,,,,,,,,,,,,,,,
Ireland,IRL,8.80052941,25.11725091,4.987582437,7.221788744,109.7580882,122.1357028,120.1279311,119.8719707,201.4994236,215.4376787,224.7553208,209.3854406,0.182542317,-0.289879079,0.008306338,0.340531561
"Iran, Islamic Rep.",IRN,4.60341888,-1.32064512,13.39624446,3.755187367,23.14086146,19.74338617,22.40402991,24.94217685,44.60442031,39.0173007,43.21446335,48.78063765,17.22132871,13.69920844,8.651257774,9.987184964
Iraq,IRQ,0.7,2.477664617,13.02415372,-2.073172097,41.33845029,35.34015444,32.69888345,38.6740986,78.2873538,76.75791506,73.82109287,75.99849712,2.235974079,1.393330288,0.525433312,0.184058899
Iceland,ISL,2.080287199,4.467860508,7.351475302,4.024870763,51.5209256,51.93896322,47.41275067,46.10419245,96.99365063,96.72450276,88.6097032,88.12613538,2.044614815,1.633055582,1.69692762,1.760415592
Israel,ISR,3.897895909,2.567352135,4.007888724,3.44461203,32.40776055,31.30638733,29.94352954,29.23917025,62.94705284,59.40223182,58.02181977,56.80143209,0.475954281,-0.600006527,-0.54493755,0.242241245
Italy,ITA,0.113673238,0.923992488,1.145512822,1.571759815,29.30651305,29.91494265,29.6273479,31.18481676,55.75976898,56.93130634,56.04872586,59.36110779,0.24104743,0.0387904,-0.094016657,1.226533166
Jamaica,JAM,0.688117553,0.90484599,1.380658383,0.978556223,31.25774688,29.90168163,31.28847629,34.06661983,84.74946311,76.10510996,75.92991885,82.57010082,8.290005777,3.675887919,2.349758498,4.378892429
Jordan,JOR,3.096330275,2.39169597,2.003733642,1.970023483,43.33313351,37.58780717,35.14246806,35.6829399,113.0713817,98.07690674,91.31656351,92.93903626,2.898931704,-0.87691336,-0.778579635,3.324392334
Japan,JPN,0.374719476,1.353823114,0.938193886,1.734554231,17.54030155,17.58892813,16.11915257,17.6534985,37.5457698,35.59640126,31.26658245,34.39674669,2.761954083,0.78951789,-0.116666667,0.467211747
Kazakhstan,KAZ,4.2,1.2,1.1,4.1,39.34175809,28.51670801,31.84388864,34.35780735,64.97203465,53.04972881,60.31159659,60.62161328,6.84944977,6.678285856,14.36109424,7.442663213
Kenya,KEN,5.357131595,5.718489422,5.869197698,4.873936761,18.29697554,16.59244596,13.97121855,13.17107468,51.29829878,44.21131778,36.75137581,37.25010876,6.878154993,6.582174403,6.297157525,8.005722791
Kyrgyz Republic,KGZ,4.024038629,3.875825531,4.335855901,4.583638398,37.44865159,35.18960049,35.82540888,35.4177664,125.1261811,110.9615707,105.823574,102.2063557,7.534247298,6.50331839,0.388838297,3.175309864
Cambodia,KHM,7.142571101,7.036087179,6.863092098,7.09986595,62.60347417,61.71842376,61.28152493,60.73396614,129.6122323,127.864067,126.950029,124.8947247,3.855238553,1.221270061,3.04541464,2.890924692
Kiribati,KIR,-0.697828087,10.40540793,5.129750525,0.328439777,10.78434815,11.89770607,17.50817048,13.21576806,102.4262275,110.1086599,112.1356633,105.2305532,2.103985209,0.572015744,,
St. Kitts and Nevis,KNA,6.055577434,2.146656602,2.317508524,1.170562844,59.18000806,56.73238337,54.06699677,,113.4964461,112.0998011,107.7006558,,,,,
"Korea, Rep.",KOR,3.341447761,2.790236167,2.929304795,3.062768462,50.27553375,45.33668976,42.28420147,43.09097586,95.2972227,83.71212153,77.71283224,80.77921935,1.274714702,0.70620817,0.971674764,1.944455907
Kuwait,KWT,0.500876982,0.593019617,3.547005088,-2.866431054,68.50614347,53.76537784,48.23228856,50.14505562,100.0369451,98.69986337,94.6613503,97.97635744,2.908926729,3.271701661,3.198397767,2.171832985
Latin America & Caribbean (excluding high income),LAC,1.293434823,-0.334813394,-0.339467719,1.672584677,19.1609514,20.65569412,20.99850771,21.34900079,41.90749111,43.58973255,43.22378442,43.40189878,3.589220166,3.15783118,2.821707847,3.36296239
Lao PDR,LAO,7.611963441,7.269591775,7.023091874,6.892747966,40.75454665,33.95237774,33.20939676,34.34049522,99.05973829,85.79862603,75.09182152,75.82659248,4.129243069,1.277354271,1.596795629,0.825159689
Lebanon,LBN,1.969070862,0.243328888,1.74074199,1.529097084,26.66543453,26.09280814,23.95229676,23.93152794,79.44125644,72.39802241,69.43950055,67.8459773,1.854604213,-3.749145248,-0.783359624,4.321352183
Liberia,LBR,0.701143912,0,-1.599584075,2.468626095,28.43219148,19.46902738,21.41663407,24.28419199,136.9687055,126.0176896,121.6764404,122.9898812,9.861112856,7.748696876,8.834248683,12.41963239
Libya,LBY,-24.00000003,-8.862039363,-2.79546889,26.67587012,47.01432665,39.96666072,26.13844502,37.93770242,138.8976122,114.2459221,70.21426341,72.60801571,,,,
St. Lucia,LCA,3.562923272,-0.934877561,3.365153116,3.817651878,41.39512232,38.65790256,37.45876123,,87.93780184,81.93711192,82.6003839,,,,,
Latin America & Caribbean,LCN,1.008478558,0.085951574,-0.36482841,1.712138675,20.25513381,21.00733256,21.41310611,21.52372591,43.31551926,43.7103859,43.55787775,43.50484452,3.314187885,2.554680489,2.039011565,2.61766353
Least developed countries: UN classification,LDC,5.484680812,4.223677325,3.71047595,4.859560688,25.25164131,21.64536629,21.21124294,21.17372016,58.31416499,53.54285663,51.09164815,50.41876067,4.605817789,4.548143951,5.431253321,5.209717059
Low income,LIC,5.767302642,3.341828181,3.200678461,5.073729148,22.11950037,19.62038531,20.74424927,20.68360002,60.90649272,55.81801499,57.47546807,57.13495047,4.485762936,5.58816953,5.706375046,5.318716052
Liechtenstein,LIE,,,,,,,,,,,,,,,,
Sri Lanka,LKA,4.960700592,5.007683304,4.468829688,3.308799633,21.08876229,21.01310319,21.33284384,21.89017152,50.2508827,49.55879659,50.00848667,50.96906456,3.179002282,3.768367831,3.958888466,7.704137679
Lower middle income,LMC,5.658616914,5.571348979,5.563065244,5.538959344,26.32911395,23.8324258,22.73472507,23.82284186,55.93990932,51.37810144,49.18755607,51.82465377,5.127343963,3.882873899,3.383370304,3.854435849
Low & middle income,LMY,4.557086553,3.869585859,4.301956499,4.955946234,25.94974678,24.8320851,23.83861649,24.58208935,52.55441732,49.7527009,47.93272307,49.40129313,3.597823439,3.1590705,2.965632857,3.63473722
Lesotho,LSO,3.121711153,2.766659718,3.178986683,-2.286299037,35.61792808,40.31826852,41.66178453,,117.9111987,121.9393251,123.6465974,,5.318281862,3.160309819,6.60505665,5.31027255
Late-demographic dividend,LTE,4.598428764,3.811686912,3.717725364,4.795827054,31.63710625,30.87348959,29.60809037,30.08364839,59.93057332,57.88231842,56.2175302,56.84974658,1.983129116,1.584046161,1.115761016,2.182469485
Lithuania,LTU,3.537585824,2.020627995,2.353181307,4.139948473,81.10314161,75.82351057,74.10436593,80.90343696,160.1292794,152.1257799,146.9292141,159.0159779,0.103789914,-0.884108435,0.905521554,3.722971712
Luxembourg,LUX,4.296786425,3.915962767,2.411430786,1.54566061,212.6070994,224.8407099,223.6164126,223.0794119,392.8041835,416.3892358,413.5153823,412.8688611,0.628543985,0.474743161,0.290833333,1.730799591
Latvia,LVA,1.858243652,2.971703832,2.064381296,4.636479621,60.74087557,60.4223077,59.97897888,61.09445784,122.9271938,121.3474253,118.8037095,122.0981231,0.620490637,0.174242244,0.140633335,2.930363124
"Macao SAR, China",MAC,-1.201113351,-21.59450546,-0.863118776,9.096103681,84.9363223,77.91299594,76.07221233,79.39529786,116.5629878,116.6495957,110.5875533,111.4052731,6.045271806,4.559202881,2.370161348,1.22655456
St. Martin (French part),MAF,,,,,,,,,,,,,,,,
Morocco,MAR,2.669493927,4.536378168,1.125977451,4.087506817,34.63240888,34.80004049,35.17535733,37.11155021,81.77227419,77.19803634,80.62046709,83.73229681,0.442869796,1.557907113,1.635311143,0.754663249
Monaco,MCO,7.179636849,4.942329761,3.213848834,,,,,,,,,,,,,
Moldova,MDA,4.799999749,-0.40000013,4.499999966,4.4999999,41.53332108,42.80462002,43.46361133,,120.0598087,116.6681804,114.4058244,,5.088785546,9.676240331,6.35930898,6.570229975
Madagascar,MDG,3.315854165,3.116614714,4.179990236,4.170794766,32.75822929,32.06400512,33.49671987,35.41855646,69.89687592,67.59478052,69.25603703,74.4538253,6.080408111,7.404191742,6.654801865,8.284223644
Maldives,MDV,7.329606386,2.884567542,7.289186305,6.911694429,89.23137628,76.53394444,71.29963383,71.18216721,163.7211617,143.9201297,143.7469623,143.4724587,2.12011311,0.953206659,0.502509414,2.703464654
Middle East & North Africa,MEA,2.920966499,2.503418918,4.81546154,1.59245594,45.79999685,39.76741847,37.75907563,40.48838782,84.31533858,79.73640639,75.54607703,78.10078898,2.346268657,1.494759286,1.844390956,1.492252182
Mexico,MEX,2.804340128,3.287991599,2.897859569,2.041469637,31.89254452,34.56333087,37.10154814,37.86641576,64.96357919,71.16631448,76.18181433,77.5378526,4.018616081,2.72064065,2.821707847,6.04145724
Marshall Islands,MHL,-0.756942819,-0.364546612,1.910494988,3.6,53.50634729,46.75744347,27.54101715,,157.3421186,142.6418898,111.4544681,,,,,
Middle income,MIC,4.538691094,3.877844849,4.3191017,4.954132195,26.00535514,24.90915993,23.88437972,24.63707608,52.43316004,49.66300213,47.79159346,49.2922128,3.589220166,3.062031696,2.724612233,3.446367832
North Macedonia,MKD,3.629641308,3.855610302,2.848441461,0.240521014,47.66285529,48.73799991,50.66384216,55.40009731,112.537929,113.6984439,116.1855765,124.5728187,-0.281018199,-0.301279047,-0.237052783,1.349839615
Mali,MLI,7.043356204,5.962581591,5.799999995,5.400000103,22.55548858,24.04371065,23.45122033,23.09819527,60.63870922,63.63964146,63.78965096,61.80884567,0.883814547,1.450690576,-1.799647071,1.759857429
Malta,MLT,8.114239586,9.621648064,5.230584947,6.422489314,148.8423268,139.7535869,138.0097176,133.1826836,285.7410992,272.3983822,264.6213417,249.197969,0.310306472,1.100548264,0.642702772,1.364354482
Myanmar,MMR,7.990915597,6.99284029,5.862472915,6.758628824,20.09040216,20.79915998,15.00147113,19.96449532,42.25894318,47.36000335,36.96323838,47.95316736,5.046410888,9.485472555,6.964739177,4.572727331
Middle East & North Africa (excluding high income),MNA,2.095309946,0.978285758,7.428865071,3.018364703,28.30779151,24.58994864,23.54610963,27.27232975,62.8754931,57.30233426,54.49914301,59.8853923,2.898931704,1.494759286,2.186861615,3.822872258
Montenegro,MNE,1.8,3.4,2.9,4.7,40.14372802,42.11807213,40.60063517,41.0551905,100.1276779,102.6889774,103.6728665,105.554965,-0.710514052,1.548691582,-0.271385023,2.380235991
Mongolia,MNG,7.885225482,2.379835807,1.168393456,5.30166847,52.24899867,45.64559477,50.20095709,59.75342654,109.3223117,90.28701288,95.61140948,117.142495,12.22544812,6.580057365,1.05535328,4.050499281
Northern Mariana Islands,MNP,3.785900783,3.396226415,28.22384428,25.14231499,53.37278107,54.13533835,72.24,73.44632768,119.7633136,122.1267454,144.4,128.3113622,,,,
Mozambique,MOZ,7.444069441,6.593985957,3.763275593,3.736958241,33.35930413,32.2162477,36.78954602,40.71709948,118.1226299,104.2060395,111.1548809,113.3920392,,,,
Mauritania,MRT,5.579543856,1.399999997,2,3.500000006,39.14782634,37.10459511,37.15046839,41.96368528,104.9257413,109.364892,100.5284103,111.0398584,3.534368561,3.254726881,1.471710456,2.254276519
Mauritius,MUS,3.74480959,3.553058249,3.837952426,3.818469365,51.0628421,48.79492941,44.58385565,42.30016723,113.2927955,107.6368711,98.42995641,97.59752539,3.21769192,1.286549708,0.977675135,3.666997027
Malawi,MWI,5.700000004,2.799999999,2.484040626,4.000030517,33.70156796,29.15651988,32.96691831,29.16284408,73.32661186,64.9112746,77.90771479,65.32987076,23.79206495,21.86734755,21.71111321,11.54339392
Malaysia,MYS,6.00672195,5.091515721,4.223410194,5.897009293,73.79349863,70.55337316,67.78858183,71.38970577,138.3122312,133.4597022,128.8243895,135.8374588,3.142990509,2.104389802,2.090566595,3.871201158
North America,NAC,2.491803561,2.694791849,1.5523074,2.297746279,15.16592664,14.17317714,13.60892891,13.78441007,33.05860966,31.17742545,29.97029141,30.48195702,1.764429442,0.621934248,1.345171376,1.863497066
Namibia,NAM,6.351677961,6.086376114,0.641649561,-0.947841005,38.71407415,38.40861684,41.10499451,36.66470594,102.1427368,107.1350399,103.2825167,84.12907382,5.349526127,3.395660655,6.727795407,6.143923662
New Caledonia,NCL,,,,,,,,,,,,,0.178851061,0.570508141,0.578317436,
Niger,NER,7.529043067,4.33707237,4.925930933,4.893436691,21.01977057,18.2736702,17.17322003,16.62379232,60.29589046,59.12386051,48.70638658,49.58748371,-0.93028726,0.998329582,0.177037877,2.38268715
Nigeria,NGA,6.309718656,2.652693296,-1.61686895,0.80588662,18.43512606,10.65669502,9.218109698,13.1715621,30.88519372,21.44692967,20.72251888,26.347599,8.062485824,9.009387183,15.67534055,16.52353998
Nicaragua,NIC,4.7854602,4.768608794,4.658759192,4.861094976,45.00807225,40.5508553,39.10199158,41.22685159,106.6982002,99.4728626,95.09513053,96.65088373,6.035968618,3.997379967,3.523173176,3.850671663
Netherlands,NLD,1.423395401,1.959169699,2.191713725,2.868832199,80.57790815,82.65889671,79.53516476,82.95402742,150.0537554,157.816576,148.8586647,155.1749683,0.97603508,0.600248147,0.316666667,1.381458714
Norway,NOR,1.975117446,1.970052934,1.187354764,1.980437749,38.78287012,37.71758331,35.21951748,36.22218476,68.5661486,69.80965429,68.79850453,69.29043024,2.041702867,2.171136654,3.55,1.875100596
Nepal,NPL,5.988984661,3.322905439,0.588678499,7.90574161,11.50508764,11.62193974,9.468399397,9.09682848,52.25519568,53.09526681,48.75144433,51.98342875,8.364154697,7.868908956,8.79034332,3.228928123
Nauru,NRU,36.52409809,2.808191226,10.400004,4.154685104,57.26125973,45.35251382,48.81804565,,165.1104751,147.0199309,150.5533524,,,,,
New Zealand,NZL,3.544991417,4.434294944,3.471456835,2.81944758,27.88084446,27.57475344,25.81772178,26.91928843,55.03347947,54.39019411,51.32284472,53.38957979,1.227507506,0.292704628,0.646240284,1.850787675
OECD members,OED,2.053373725,2.454207726,1.795307819,2.376238399,28.68119321,28.42545049,27.85711524,28.81198547,57.23113414,56.35752267,55.07822168,57.01181861,0.592255589,0.263567286,0.439062364,1.822643361
Oman,OMN,2.751031637,4.741250717,4.980170972,-0.928051651,70.24764227,56.70501843,47.07645586,52.12298467,117.312504,110.0743224,94.49604607,101.4204671,1.022343145,0.065290133,1.109208058,1.597160603
Other small states,OSS,2.905125699,2.767256909,2.37385231,2.100291569,68.22194686,60.87318144,55.4081652,56.64373412,117.8717331,112.0666914,107.3128559,105.6501106,2.12011311,1.548691582,1.575302229,2.070325791
Pakistan,PAK,4.674707981,4.731147475,5.526735845,5.700621241,12.24258363,10.60441157,9.145726939,8.235441349,30.90124462,27.65467302,25.30623151,25.78813182,7.189384028,2.529328173,3.765119164,4.08537368
Panama,PAN,5.066613128,5.73269026,4.966461841,5.321201375,55.3574678,47.68503688,42.17804884,42.25943314,119.0905889,99.9366829,87.27795379,87.56677111,2.630931154,0.132255449,0.739734025,0.875585919
Peru,PER,2.376022873,3.251369628,3.951309192,2.528228226,22.57422031,21.27373917,22.43820761,24.26353991,46.78524633,45.13394466,45.25473753,46.86707956,3.244963042,3.549288049,3.592113241,2.80283917
Philippines,PHL,6.145298786,6.066548905,6.875714823,6.684517503,28.91272491,28.39572169,28.10230447,30.95144613,61.47163213,62.69000877,65.50657172,71.8306517,3.597823439,0.674192537,1.253698801,2.853187726
Palau,PLW,4.7748518,10.4309733,0.526568961,-3.570566825,59.91716725,56.13841151,51.26319038,48.84504509,146.9005087,124.9374223,119.4148516,124.1964654,4.191745486,0.949040644,-1.042305334,1.280462619
Papua New Guinea,PNG,15.421453,5.298986928,1.592385324,2.545733131,,,,,,,,,5.222117202,5.995957781,6.673728814,5.42204568
Poland,POL,3.318447537,3.838947544,3.062600367,4.805745842,47.56892172,49.55294879,52.19454821,54.29011027,93.69692461,96.00946042,100.3526924,104.558107,0.053821313,-0.874125874,-0.664767331,2.075935537
Pre-demographic dividend,PRE,4.812509264,3.178182819,2.756455959,1.631686363,28.29676246,22.50196566,21.52299611,23.9178064,57.35734888,50.74865612,48.94978271,50.45964974,3.534368561,3.669900434,3.787226876,4.975951506
Puerto Rico,PRI,-1.190363454,-1.049443651,-1.32692792,-2.379363147,60.81869633,67.19876449,69.11842904,68.22430934,102.3816496,108.8577889,110.7880456,112.5579142,,,,
"Korea, Dem. People’s Rep.",PRK,,,,,,,,,,,,,,,,
Portugal,PRT,0.893187123,1.822066235,1.925735705,2.795047096,40.07437411,40.40260963,40.01445867,42.69923652,79.95975596,80.22295662,78.9156709,84.59683119,-0.278153367,0.487938624,0.607397075,1.368614116
Paraguay,PRY,4.860890371,3.080374008,4.31290497,5.210533081,34.81420928,34.12498236,35.76843061,35.49519687,67.62884495,65.63832269,65.77614029,66.09518587,5.028827675,3.129002745,4.086822806,3.602477413
West Bank and Gaza,PSE,-0.181891133,3.428732213,4.708435256,3.14023678,17.08373966,18.44945948,17.73464326,18.5727785,73.77709271,77.92708909,74.5413647,74.21248302,1.7329851,1.431611458,-0.219106605,0.212570934
Pacific island small states,PSS,3.945612595,3.27012743,2.218436094,3.307099283,45.1855078,42.35140382,27.62598791,,109.5931751,102.9517115,85.90884533,,1.451424524,0.649546402,0.842069084,
Post-demographic dividend,PST,1.883572792,2.13762507,1.683704368,2.216553001,29.95572035,29.41053624,28.66167648,29.61276715,59.66244839,58.24147621,56.54400063,58.53643365,0.906797035,0.309364548,0.607397075,1.737916052
French Polynesia,PYF,,,,,,,,,,,,,,,,
Qatar,QAT,3.978882147,3.657510261,2.131310916,1.579850253,67.99807635,57.06152025,47.71385376,51.04242783,99.0343139,93.70767394,89.54762314,88.29943057,3.351638736,1.610185208,2.872559911,0.408824437
Romania,ROU,3.410832961,3.871505474,4.800810067,7.259986176,41.16417518,41.01801911,41.18558624,41.42854747,82.76815645,82.6575055,83.29794962,84.98236088,1.068309877,-0.594156437,-1.544796668,1.339021211
Russian Federation,RUS,0.738600773,-2.828240813,-0.224910984,1.646883673,27.05302069,28.70492786,25.73835381,26.05547581,47.69894305,49.34654123,46.30452812,46.76689853,7.8201697,15.53439599,7.042437254,3.683330723
Rwanda,RWA,7.62457575,8.867977374,5.981314913,6.057831319,14.72210987,14.23838291,14.9203004,18.24059236,47.63268204,52.54826906,48.02453895,51.01294572,2.354490528,2.528502842,7.17434302,8.279536723
South Asia,SAS,6.992301928,7.480020569,7.70731716,6.932831078,21.59683196,18.76320051,18.02612269,17.52117402,47.28619459,41.09638734,39.11535626,39.56253642,6.824829668,4.158255891,4.347030355,3.971786858
Saudi Arabia,SAU,3.652481698,4.10640887,1.670642347,-0.856610239,46.87529151,33.32117124,31.14419769,34.84168062,80.640471,72.074996,61.86201685,63.4036289,2.241853488,1.222693186,2.053470768,-0.834845735
Sudan,SDN,2.679411813,4.906045175,4.700000042,4.283071004,8.149134518,8.182226094,9.828851762,9.691822255,19.45883426,19.10080411,22.35592903,21.50714664,36.90664279,16.90945571,,
Senegal,SEN,6.613500103,6.367043651,6.228449896,7.153786942,21.77829674,22.6771945,21.62163411,21.72932072,58.44252898,58.11033767,54.25638405,57.13584648,-1.090255074,0.135211934,0.837284943,1.318153148
Singapore,SGP,3.883887305,2.241057968,2.397021458,3.618542336,191.2734511,177.3917081,168.1919704,173.345205,359.253855,329.0478997,310.2561161,322.4281244,1.024982528,-0.522752485,-0.532286132,0.576324696
Solomon Islands,SLB,2.250090947,2.542239607,3.456606424,3.23841696,50.76277578,45.07474355,,,111.973552,98.39379171,,,5.165902379,-0.574469286,0.512485626,0.48868676
Sierra Leone,SLE,4.556772366,-20.59877072,6.055474029,4.211182649,30.76003938,19.36254453,24.91409326,26.05134736,83.18579526,66.8026118,79.41600257,74.08529383,4.645462047,6.693679279,10.88328586,18.2198092
El Salvador,SLV,1.979256733,2.377629105,2.58057747,2.322597255,28.94432818,28.99953028,27.86503265,27.63784924,77.17171057,76.11860856,71.96000456,72.54791808,1.141344675,-0.731384487,0.604049087,1.012354033
San Marino,SMR,-0.9,0.6,2.2,1.5,,,,,,,,,1.112963034,0.145686073,0.57394802,1.045976835
Somalia,SOM,,,,,14.40109746,15.58792605,15.08429478,14.05741418,73.8951541,76.22766202,76.95947935,80.77885942,,,,
Serbia,SRB,-1.831301107,0.757715153,2.797323719,1.867428896,43.37590345,46.67367451,50.02326647,52.44965601,97.59886581,103.1000395,107.4984923,113.7094059,2.082447939,1.39235822,1.122313974,3.131062486
Sub-Saharan Africa (excluding high income),SSA,4.679354128,2.915613909,1.21188553,2.51634646,27.89677465,24.00274926,23.77234394,24.64674515,58.05214251,52.96369779,51.2530887,51.09662229,4.405352342,3.669900434,5.494471467,5.314494301
South Sudan,SSD,2.920584117,-0.174927114,-13.83372274,,34.00906968,21.03316069,54.94936682,,65.65418463,49.92264747,116.6981454,,1.655223598,52.81465207,379.8480206,187.8516257
Sub-Saharan Africa,SSF,4.679227553,2.9170774,1.214314644,2.518456197,27.94586575,24.04936841,23.81881738,24.69358208,58.16154577,53.06094205,51.35181585,51.19896457,4.403802717,3.855922271,5.431253321,5.31027255
Small states,SST,2.590979895,2.527518375,1.768541726,1.857868629,64.83815413,58.08485,53.11856233,54.66442903,115.2235508,108.9644678,104.4652935,103.6253593,1.769503221,1.100548264,1.292165526,1.904656155
Sao Tome and Principe,STP,6.549933102,3.819988535,4.179209268,3.874960221,,,,,,,,,6.99849944,5.245732849,5.431253321,5.690296199
Suriname,SUR,0.25550511,-3.411097757,-5.561193424,1.687083602,,,,,,,,,3.383412727,6.867599244,55.48443775,22.01953346
Slovak Republic,SVK,2.750335017,4.174873197,3.125410105,3.188341055,91.85296342,92.30881576,93.50351703,96.88988,180.2788185,183.118714,183.9929858,190.6793052,-0.07616533,-0.325219777,-0.520010196,1.311945882
Slovenia,SVN,2.979196038,2.258902398,3.14835549,5.000808222,75.8134789,76.99218179,77.65409474,82.21077922,144.227959,145.396637,146.1522195,154.7639999,0.199343827,-0.525552286,-0.054999542,1.429107433
Sweden,SWE,2.60190267,4.45656911,2.683966343,2.10471614,44.98646891,45.53298633,44.39980235,45.34605215,85.66176722,86.20625803,84.37312806,87.00684214,-0.179638494,-0.046784745,0.984269245,1.794499047
Eswatini,SWZ,1.931010027,0.391128861,3.222472416,1.873054342,50.24534634,49.63082451,47.98703976,50.37022659,105.3872272,99.73879374,100.5405319,110.5976175,5.680229928,4.952356149,7.847274591,6.221496227
Sint Maarten (Dutch part),SXM,1.580384638,0.50906595,0.43250626,,118.3291968,114.4481115,109.0307452,,241.5535724,220.8601813,214.6065659,,1.886754663,0.330027165,0.111682656,2.19201011
Seychelles,SYC,4.504785431,4.937386459,4.503031591,5.284822981,88.01235891,81.09125813,80.68241652,81.24023997,192.0243097,172.0462929,172.1515898,174.7577394,1.385834546,4.041944107,-1.015481917,2.856795756
Syrian Arab Republic,SYR,,,,,,,,,,,,,,,,
Turks and Caicos Islands,TCA,,,,,,,,,,,,,,,,
Chad,TCD,6.899985045,2.767675685,-6.255527085,-2.953771549,34.16136289,30.00176089,26.29503676,34.23136095,76.62652317,66.56416435,63.29692513,74.35348068,1.680835875,3.669900434,,
East Asia & Pacific (IDA & IBRD countries),TEA,6.761911066,6.495113348,6.332285788,6.586010864,28.26173699,26.26114766,24.65932426,25.17750788,54.47562443,49.49222967,47.00734923,48.52226842,3.370406974,1.085155352,1.596795629,2.890924692
Europe & Central Asia (IDA & IBRD countries),TEC,2.33964513,0.999436008,1.738353382,4.151434456,33.23170089,33.83762324,32.8785665,34.35202076,64.69516128,65.20213471,64.55631898,67.49030049,2.082447939,3.731691193,1.122313974,2.755649238
Togo,TGO,5.920588571,5.742868453,5.099992053,4.400010463,43.66066599,41.29242363,42.15801794,40.9405385,105.395987,107.4158555,103.9866963,101.135071,0.183042905,1.783234671,0.868815969,-0.795130979
Thailand,THA,0.984414064,3.020173993,3.282683075,3.912880243,69.27416088,68.70363127,68.46684637,68.1720083,131.7855353,125.8919269,122.1681532,122.8028467,1.895141819,-0.900424963,0.188149704,0.665631893
Tajikistan,TJK,6.705969049,6.008287293,6.872964169,7.617493124,9.047213914,10.48984996,12.93523571,15.74631751,53.87543526,52.73019106,54.97337511,56.73322422,6.104427651,5.714559496,6.004580823,
Turkmenistan,TKM,10.29999997,6.49999991,6.199999966,6.500000047,46.78017478,35.67546429,22.1440417,22.46839734,91.09348296,81.29993057,62.02795546,53.57535671,,,,
Latin America & the Caribbean (IDA & IBRD countries),TLA,1.049824888,0.046383915,-0.360043787,1.785059023,19.50715427,20.29185427,20.70763721,20.88643451,42.18268908,42.72612983,42.57305645,42.60715113,3.803918123,3.353559615,2.946187636,2.822185557
Timor-Leste,TLS,-26.04814559,20.87843626,0.827857235,-8.002258258,96.34893954,74.94201778,57.81832606,,155.8362585,129.3905425,118.0285601,,0.726275016,0.552796026,-1.338538762,0.557215537
Middle East & North Africa (IDA & IBRD countries),TMN,2.113558059,0.959090775,7.45069618,3.017411655,28.38896907,24.63435951,23.58814086,27.33524894,62.79664767,57.15316645,54.35418836,59.78177213,2.907929312,1.557907113,2.738412087,4.321352183
Tonga,TON,2.072607261,3.71184687,3.37947375,2.7,16.81599751,17.02143955,21.31334458,21.66064982,74.24018645,81.74473466,89.43270377,95.7421958,2.510876333,-1.05399832,2.578155152,7.442245466
South Asia (IDA & IBRD),TSA,6.992301928,7.480020569,7.70731716,6.932831078,21.59683196,18.76320051,18.02612269,17.52117402,47.28619459,41.09638734,39.11535626,39.56253642,6.824829668,4.158255891,4.347030355,3.971786858
Sub-Saharan Africa (IDA & IBRD countries),TSS,4.679227553,2.9170774,1.214314644,2.518456197,27.94586575,24.04936841,23.81881738,24.69358208,58.16154577,53.06094205,51.35181585,51.19896457,4.403802717,3.855922271,5.431253321,5.31027255
Trinidad and Tobago,TTO,-0.252162763,1.517162962,-5.957061347,-2.336014124,,,,,,,,,5.684418146,4.661215981,3.070667425,1.880384402
Tunisia,TUN,2.971398345,1.153615837,1.108392968,1.955125675,44.92428158,40.09580852,39.99804019,43.53937147,100.8261877,91.05897363,90.69833995,99.47651616,4.937735303,4.857182282,3.711014607,5.329272935
Turkey,TUR,5.166672265,6.085899216,3.183819077,7.441233471,23.76433333,23.34593528,21.96508062,24.80423037,51.41410109,49.29987617,46.81564205,54.12201097,8.854572714,7.670853648,7.775134153,11.14431108
Tuvalu,TUV,1.347923876,9.142911919,3.034951029,3.241589118,,,,,,,,,,,,
Tanzania,TZA,6.732461868,6.160628774,6.867116196,6.785680114,18.06920945,17.10491135,16.34997466,15.14027774,45.3560221,40.75768023,35.42047003,32.23894101,6.13161433,5.58816953,5.174766293,5.318716052
Uganda,UGA,5.106307324,5.187859863,4.781000291,3.863023757,18.17025675,18.44430441,18.53937527,18.13591604,46.3165282,47.6644213,47.1145216,43.48203445,3.07570669,5.589686063,5.706375046,5.209717059
Ukraine,UKR,-6.552618891,-9.772973947,2.440994738,2.524512864,48.59296182,52.59767951,49.29861946,47.94731337,100.6917825,107.8066163,105.5212049,103.5562469,12.07185629,48.69986464,13.9127102,14.43832275
Upper middle income,UMC,4.212848991,3.366849756,3.935745128,4.771082149,25.91183466,25.2276315,24.22437953,24.87726368,51.42020575,49.15571779,47.37875033,48.54517844,2.981308689,1.676630853,2,3.308280768
Uruguay,URY,3.238791216,0.370741267,1.689798162,2.656684456,23.54266161,22.47785125,21.42754346,21.55827297,49.08762406,45.32824081,41.31022624,39.98782439,8.877353332,8.666269871,9.639413476,6.218093826
United States,USA,2.451973035,2.880910466,1.56721517,2.21701033,13.5319098,12.43213171,11.854138,12.06121365,29.96454064,27.72614113,26.491003,27.0909123,1.622222977,0.118627136,1.261583206,2.130110004
Uzbekistan,UZB,7.792522371,7.999999999,7.800000002,5.299999999,23.12647552,19.59558124,18.73698482,29.79614876,54.57225204,49.32409843,51.15342106,68.51854233,,,,
St. Vincent and the Grenadines,VCT,1.213671696,1.341638992,1.975455939,0.859946222,34.74280439,37.83202764,37.79286364,35.23105801,95.77203703,92.08706988,95.80614479,90.46538211,0.193858561,-1.73361195,-0.149641648,2.153336488
Venezuela,VEN,-3.894386475,,,,16.69382735,,,,48.09081353,,,,62.16864998,121.7380853,254.9485348,
Vietnam,VNM,5.983654637,6.679288789,6.210811668,6.81224566,86.40475934,89.77924864,93.62393906,101.5934358,169.5345132,178.7674147,184.6862783,200.3845804,4.710018434,0.878603714,3.243567431,3.520256888
Vanuatu,VUT,2.331006215,-0.801094177,4.000574486,4.500680305,48.55579011,,,,97.94713623,,,,0.798863838,2.483268757,0.842069084,
World,WLD,2.842104882,2.860359509,2.587991206,3.153518781,30.13386264,29.2705634,28.44524327,29.35356375,59.70268257,57.79818762,56.09570885,57.85042484,2.294061072,1.437024514,1.471710456,2.19201011
Samoa,WSM,1.396755553,1.451065669,7.169420104,2.704798948,27.30219439,27.81801425,30.87387353,31.14613262,79.65450891,76.49621497,80.689364,77.57326778,-0.406816088,0.72707706,1.302402922,1.637425973
Kosovo,XKX,1.198070976,4.094454536,4.056578596,4.227908537,22.50202066,21.93542833,23.69812688,26.64993218,73.72070049,72.32371933,74.61326832,79.18271255,0.424540082,-0.538793103,0.300025002,1.484338371
"Yemen, Rep.",YEM,-0.188690232,-16.67846313,-13.62145844,-5.942319504,,,,,,,,,8.104725836,,,
South Africa,ZAF,1.846991604,1.279549282,0.565344944,1.31674486,31.46864521,30.15604561,30.70259741,29.77288874,64.43450111,61.60014841,60.79052501,58.17962819,6.136020151,4.509208278,6.594604415,5.181082233
Zambia,ZMB,4.695826373,2.91988111,3.757177805,3.403168851,38.82242937,37.13845102,35.32466751,35.1603552,80.06356089,79.86515513,73.95857435,71.4658798,7.806875536,10.11059289,17.86973008,6.577311542
Zimbabwe,ZWE,2.376929327,1.779872703,0.755869251,4.704035391,20.93014592,19.16017579,19.94353155,19.6580228,54.67161542,56.74881111,51.21902464,50.0282958,-0.212939905,-2.409499988,-1.566412967,0.90973329